time,deviceId,co2,pressure,temperature
2025-06-06 13:11:55,esp32-001,1331.0,-48.28,0.0
2025-06-06 13:12:05,esp32-001,1342.0,-48.28,0.0
2025-06-06 13:12:15,esp32-001,1350.0,-48.28,0.0
2025-06-06 13:12:25,esp32-001,1374.0,-48.28,0.0
2025-06-06 13:12:35,esp32-001,1394.0,-48.28,0.0
2025-06-06 13:12:45,esp32-001,1413.0,-48.28,0.0
2025-06-06 13:12:55,esp32-001,0.0,-48.28,0.0
2025-06-06 13:13:05,esp32-001,0.0,-48.28,0.0
2025-06-06 13:13:15,esp32-001,0.0,-48.28,0.0
2025-06-06 13:13:27,esp32-001,0.0,-48.28,0.0
2025-06-06 13:13:36,esp32-001,0.0,-48.28,0.0
2025-06-06 13:13:46,esp32-001,0.0,-48.28,0.0
2025-06-06 13:13:56,esp32-001,0.0,-48.28,0.0
2025-06-06 13:14:06,esp32-001,0.0,-48.28,0.0
2025-06-06 13:14:16,esp32-001,0.0,-48.28,0.0
2025-06-06 13:14:26,esp32-001,0.0,-48.28,0.0
2025-06-06 13:14:36,esp32-001,0.0,-48.28,0.0
2025-06-06 13:14:46,esp32-001,0.0,-48.28,0.0
2025-06-06 13:14:56,esp32-001,0.0,-48.28,0.0
2025-06-06 13:15:06,esp32-001,0.0,-48.28,0.0
2025-06-06 13:15:16,esp32-001,0.0,-48.28,0.0
2025-06-06 13:15:26,esp32-001,114.0,-48.28,0.0
2025-06-06 13:15:36,esp32-001,586.0,-48.28,0.0
2025-06-06 13:15:46,esp32-001,854.0,-48.28,0.0
2025-06-06 13:15:56,esp32-001,995.0,-48.28,0.0
2025-06-06 13:16:06,esp32-001,0.0,-48.28,0.0
2025-06-06 13:16:16,esp32-001,0.0,-48.28,0.0
2025-06-06 13:16:26,esp32-001,0.0,-48.28,0.0
2025-06-06 13:16:36,esp32-001,0.0,-48.28,0.0
2025-06-06 13:21:01,esp32-001,0.0,-48.28,29.5
2025-06-06 13:21:11,esp32-001,0.0,-48.28,29.25
2025-06-06 13:21:21,esp32-001,0.0,-48.28,28.75
2025-06-06 13:21:31,esp32-001,0.0,-48.28,29.0
2025-06-06 13:21:41,esp32-001,0.0,-48.28,29.25
2025-06-06 13:21:51,esp32-001,0.0,-48.28,29.25
2025-06-06 13:22:01,esp32-001,0.0,-48.28,29.0
2025-06-06 13:22:11,esp32-001,0.0,-48.28,29.25
2025-06-06 13:22:21,esp32-001,0.0,-48.28,29.25
2025-06-06 13:22:31,esp32-001,0.0,6.38,29.25
2025-06-06 13:22:41,esp32-001,0.0,6.38,29.25
2025-06-06 13:22:51,esp32-001,0.0,5.8,29.0
2025-06-06 13:23:01,esp32-001,0.0,5.22,29.5
2025-06-06 13:23:11,esp32-001,0.0,5.02,29.5
2025-06-06 13:23:21,esp32-001,0.0,5.41,29.25
2025-06-06 13:23:31,esp32-001,0.0,5.41,29.25
2025-06-06 13:23:41,esp32-001,0.0,5.02,29.5
2025-06-06 13:23:51,esp32-001,0.0,5.8,29.25
2025-06-06 13:24:01,esp32-001,0.0,5.61,28.75
2025-06-06 13:24:11,esp32-001,0.0,4.83,29.25
2025-06-06 13:24:21,esp32-001,0.0,5.22,29.25
2025-06-06 13:24:31,esp32-001,0.0,5.61,29.0
2025-06-06 13:24:41,esp32-001,0.0,5.61,28.75
2025-06-06 13:24:51,esp32-001,0.0,5.22,29.25
2025-06-06 13:25:01,esp32-001,0.0,5.41,29.0
2025-06-06 13:25:11,esp32-001,0.0,5.22,29.0
2025-06-06 13:25:21,esp32-001,0.0,5.61,29.0
2025-06-06 13:25:31,esp32-001,0.0,5.41,29.5
2025-06-06 13:25:41,esp32-001,0.0,5.41,29.25
2025-06-06 13:25:51,esp32-001,0.0,5.02,29.5
2025-06-06 13:26:01,esp32-001,0.0,4.83,0.0
2025-06-06 13:26:11,esp32-001,0.0,5.61,29.25
2025-06-06 13:26:21,esp32-001,0.0,5.41,29.25
2025-06-06 13:26:31,esp32-001,0.0,5.22,29.0
2025-06-06 13:26:41,esp32-001,0.0,5.22,29.25
2025-06-06 13:26:51,esp32-001,0.0,4.83,29.5
2025-06-06 13:27:01,esp32-001,0.0,5.22,29.25
2025-06-06 13:27:11,esp32-001,0.0,4.83,29.25
2025-06-06 13:27:21,esp32-001,0.0,5.41,29.5
2025-06-06 13:27:31,esp32-001,0.0,5.41,29.75
2025-06-06 13:27:41,esp32-001,0.0,5.61,29.75
2025-06-06 13:27:51,esp32-001,0.0,4.63,30.0
2025-06-06 13:28:01,esp32-001,0.0,4.63,30.0
2025-06-06 13:28:11,esp32-001,0.0,5.41,29.75
2025-06-06 13:28:21,esp32-001,0.0,5.22,29.5
2025-06-06 13:28:31,esp32-001,0.0,5.02,29.75
2025-06-06 13:28:41,esp32-001,0.0,5.61,29.25
2025-06-06 13:28:51,esp32-001,0.0,4.83,29.25
2025-06-06 13:29:01,esp32-001,0.0,5.41,29.75
2025-06-06 13:29:11,esp32-001,0.0,4.63,29.5
2025-06-06 13:29:21,esp32-001,0.0,5.02,29.0
2025-06-06 13:29:31,esp32-001,0.0,5.02,28.75
2025-06-06 13:29:41,esp32-001,0.0,5.02,29.0
2025-06-06 13:29:51,esp32-001,0.0,5.61,29.0
2025-06-06 13:30:01,esp32-001,0.0,5.61,29.25
2025-06-06 13:30:11,esp32-001,0.0,5.41,29.25
2025-06-06 13:30:21,esp32-001,0.0,5.22,28.75
2025-06-06 13:30:31,esp32-001,0.0,5.61,28.75
2025-06-06 13:30:41,esp32-001,0.0,5.61,28.75
2025-06-06 13:30:51,esp32-001,0.0,4.83,28.75
2025-06-06 13:31:01,esp32-001,0.0,5.22,28.5
2025-06-06 13:31:11,esp32-001,0.0,4.83,28.5
2025-06-06 13:31:21,esp32-001,0.0,5.41,28.25
2025-06-06 13:31:31,esp32-001,0.0,5.22,28.5
2025-06-06 13:31:41,esp32-001,0.0,5.02,28.5
2025-06-06 13:31:51,esp32-001,0.0,5.22,28.5
2025-06-06 13:32:01,esp32-001,0.0,5.8,28.75
2025-06-06 13:32:11,esp32-001,0.0,5.61,28.0
2025-06-06 13:32:21,esp32-001,0.0,5.61,28.25
2025-06-06 13:32:31,esp32-001,0.0,542.86,28.5
2025-06-06 13:32:41,esp32-001,0.0,40.23,28.5
2025-06-06 13:32:51,esp32-001,0.0,69.99,28.5
2025-06-06 13:33:01,esp32-001,0.0,85.36,28.0
2025-06-06 13:33:11,esp32-001,0.0,85.55,28.0
2025-06-06 13:33:21,esp32-001,0.0,45.09,28.25
2025-06-06 13:33:31,esp32-001,0.0,-7.82,28.5
2025-06-07 13:19:07,esp32-001,0.0,-48.28,0.0
2025-06-07 13:19:17,esp32-001,0.0,-48.28,0.0
2025-06-07 13:19:27,esp32-001,0.0,-48.28,0.0
2025-06-07 13:19:37,esp32-001,0.0,-48.28,0.0
2025-06-07 13:19:47,esp32-001,0.0,-48.28,0.0
2025-06-07 13:19:57,esp32-001,0.0,-48.28,0.0
2025-06-07 13:20:07,esp32-001,0.0,-48.28,0.0
2025-06-07 13:20:17,esp32-001,0.0,-48.28,0.0
2025-06-07 13:20:27,esp32-001,0.0,-48.28,0.0
2025-06-07 13:20:37,esp32-001,0.0,-48.28,0.0
2025-06-07 13:20:47,esp32-001,0.0,-48.28,0.0
2025-06-07 13:20:57,esp32-001,0.0,-48.28,0.0
2025-06-07 13:21:07,esp32-001,0.0,-48.28,0.0
2025-06-07 13:21:17,esp32-001,0.0,-48.28,0.0
2025-06-07 13:21:27,esp32-001,0.0,-48.28,0.0
2025-06-07 13:21:37,esp32-001,0.0,-48.28,0.0
2025-06-07 13:21:47,esp32-001,0.0,-48.28,0.0
2025-06-07 13:21:57,esp32-001,0.0,-48.28,0.0
2025-06-07 13:22:07,esp32-001,0.0,-48.28,0.0
2025-06-07 13:22:17,esp32-001,0.0,-48.28,0.0
2025-06-07 13:22:27,esp32-001,0.0,-48.28,0.0
2025-06-07 13:22:37,esp32-001,0.0,-48.28,0.0
2025-06-07 13:22:47,esp32-001,0.0,-48.28,0.0
2025-06-07 13:22:57,esp32-001,0.0,-48.28,0.0
2025-06-07 13:23:07,esp32-001,0.0,-48.28,0.0
2025-06-07 13:23:17,esp32-001,0.0,-48.28,0.0
2025-06-07 13:23:27,esp32-001,0.0,-48.28,0.0
2025-06-07 13:23:37,esp32-001,0.0,-48.28,0.0
2025-06-07 13:23:47,esp32-001,0.0,-48.28,0.0
2025-06-07 13:23:57,esp32-001,0.0,-48.28,0.0
2025-06-07 13:24:07,esp32-001,0.0,-48.28,0.0
2025-06-07 13:24:17,esp32-001,0.0,-48.28,0.0
2025-06-07 13:24:27,esp32-001,0.0,-48.28,0.0
2025-06-07 13:24:37,esp32-001,0.0,-48.28,0.0
2025-06-07 13:24:47,esp32-001,0.0,-48.28,0.0
2025-06-07 13:24:57,esp32-001,0.0,-48.28,0.0
2025-06-07 13:25:07,esp32-001,0.0,-48.28,0.0
2025-06-07 13:25:17,esp32-001,0.0,-48.28,0.0
2025-06-07 13:25:27,esp32-001,0.0,-48.28,0.0
2025-06-07 13:25:37,esp32-001,0.0,-48.28,0.0
2025-06-07 13:25:47,esp32-001,0.0,-48.28,0.0
2025-06-07 13:25:57,esp32-001,0.0,-48.28,0.0
2025-06-07 13:26:07,esp32-001,0.0,-48.28,0.0
2025-06-07 13:26:17,esp32-001,0.0,-48.28,0.0
2025-06-07 13:26:27,esp32-001,0.0,-48.28,0.0
2025-06-07 13:26:37,esp32-001,0.0,-48.28,0.0
2025-06-07 13:26:47,esp32-001,0.0,-48.28,0.0
2025-06-07 13:26:57,esp32-001,0.0,-48.28,0.0
2025-06-07 13:27:07,esp32-001,0.0,-48.28,0.0
2025-06-07 13:27:17,esp32-001,0.0,-48.28,0.0
2025-06-07 13:27:27,esp32-001,0.0,-48.28,0.0
2025-06-07 13:27:37,esp32-001,0.0,-48.28,0.0
2025-06-07 13:27:47,esp32-001,0.0,-48.28,0.0
2025-06-07 13:27:57,esp32-001,0.0,-48.28,0.0
2025-06-07 13:28:07,esp32-001,0.0,-48.28,0.0
2025-06-07 13:28:17,esp32-001,0.0,-48.28,0.0
2025-06-07 13:28:27,esp32-001,0.0,-48.28,0.0
2025-06-07 13:28:37,esp32-001,0.0,-48.28,0.0
2025-06-07 13:28:47,esp32-001,0.0,-48.28,0.0
2025-06-07 13:28:57,esp32-001,0.0,-48.28,0.0
2025-06-07 13:29:07,esp32-001,0.0,-48.28,0.0
2025-06-07 13:29:17,esp32-001,0.0,-48.28,0.0
2025-06-07 13:29:27,esp32-001,0.0,-48.28,0.0
2025-06-07 13:29:37,esp32-001,0.0,-48.28,0.0
2025-06-07 13:29:47,esp32-001,0.0,-48.28,0.0
2025-06-07 13:29:57,esp32-001,0.0,-48.28,0.0
2025-06-07 13:30:07,esp32-001,0.0,-48.28,0.0
2025-06-07 13:30:17,esp32-001,0.0,-48.28,0.0
2025-06-07 13:30:27,esp32-001,0.0,-48.28,0.0
2025-06-07 13:30:37,esp32-001,0.0,-48.28,0.0
2025-06-07 13:30:47,esp32-001,0.0,-48.28,0.0
2025-06-07 13:30:57,esp32-001,0.0,-48.28,0.0
2025-06-07 13:31:07,esp32-001,0.0,-48.28,0.0
2025-06-07 13:31:17,esp32-001,0.0,-48.28,0.0
2025-06-07 13:31:27,esp32-001,0.0,-48.28,0.0
2025-06-07 13:31:37,esp32-001,0.0,-48.28,0.0
2025-06-07 13:31:47,esp32-001,0.0,-48.28,0.0
2025-06-07 13:31:57,esp32-001,0.0,-48.28,0.0
2025-06-07 13:32:07,esp32-001,0.0,-48.28,0.0
2025-06-07 13:32:17,esp32-001,0.0,-48.28,0.0
2025-06-07 13:32:27,esp32-001,0.0,-48.28,0.0
2025-06-07 13:32:37,esp32-001,0.0,-48.28,0.0
2025-06-07 13:32:47,esp32-001,0.0,-48.28,0.0
2025-06-07 13:32:57,esp32-001,0.0,-48.28,0.0
2025-06-07 13:33:07,esp32-001,0.0,-48.28,0.0
2025-06-07 13:33:17,esp32-001,0.0,-48.28,0.0
2025-06-07 13:33:27,esp32-001,0.0,-48.28,0.0
2025-06-07 13:33:37,esp32-001,0.0,-48.28,0.0
2025-06-07 13:33:47,esp32-001,0.0,-48.28,0.0
2025-06-07 13:33:57,esp32-001,0.0,-48.28,0.0
2025-06-07 13:34:07,esp32-001,0.0,-48.28,0.0
2025-06-07 13:34:17,esp32-001,0.0,-48.28,0.0
2025-06-07 13:34:27,esp32-001,0.0,-48.28,0.0
2025-06-07 13:34:37,esp32-001,0.0,-48.28,0.0
2025-06-07 13:34:47,esp32-001,0.0,-48.28,0.0
2025-06-07 13:34:57,esp32-001,0.0,-48.28,0.0
2025-06-07 13:35:07,esp32-001,0.0,-48.28,0.0
2025-06-07 13:35:17,esp32-001,0.0,-48.28,0.0
2025-06-07 13:35:27,esp32-001,0.0,-48.28,0.0
2025-06-07 13:35:37,esp32-001,0.0,-48.28,0.0
2025-06-07 13:35:47,esp32-001,0.0,-48.28,0.0
2025-06-07 13:35:57,esp32-001,0.0,-48.28,0.0
2025-06-07 13:36:07,esp32-001,0.0,-48.28,0.0
2025-06-07 13:36:17,esp32-001,0.0,-48.28,0.0
2025-06-07 13:36:27,esp32-001,0.0,-48.28,0.0
2025-06-07 13:36:37,esp32-001,0.0,-48.28,0.0
2025-06-07 13:36:47,esp32-001,0.0,-48.28,0.0
2025-06-07 13:36:57,esp32-001,0.0,-48.28,0.0
2025-06-07 13:37:07,esp32-001,0.0,-48.28,0.0
2025-06-07 13:37:17,esp32-001,0.0,-48.28,0.0
2025-06-07 13:37:27,esp32-001,0.0,-48.28,0.0
2025-06-07 13:37:37,esp32-001,0.0,-48.28,0.0
2025-06-07 13:37:47,esp32-001,0.0,-48.28,0.0
2025-06-07 13:37:57,esp32-001,0.0,-48.28,0.0
2025-06-07 13:38:07,esp32-001,0.0,-48.28,0.0
2025-06-07 13:38:17,esp32-001,0.0,-48.28,0.0
2025-06-07 13:38:27,esp32-001,0.0,-48.28,0.0
2025-06-07 13:38:37,esp32-001,0.0,-48.28,0.0
2025-06-07 13:38:47,esp32-001,0.0,-48.28,0.0
2025-06-07 13:38:57,esp32-001,0.0,-48.28,0.0
2025-06-07 13:39:07,esp32-001,0.0,-48.28,0.0
2025-06-07 13:39:17,esp32-001,0.0,-48.28,0.0
2025-06-07 13:39:27,esp32-001,0.0,-48.28,0.0
2025-06-07 13:39:37,esp32-001,0.0,-48.28,0.0
2025-06-07 13:39:47,esp32-001,0.0,-48.28,0.0
2025-06-07 13:39:57,esp32-001,0.0,-48.28,0.0
2025-06-07 13:40:07,esp32-001,0.0,-48.28,0.0
2025-06-07 13:40:17,esp32-001,0.0,-48.28,0.0
2025-06-07 13:40:27,esp32-001,0.0,-48.28,0.0
2025-06-07 13:40:37,esp32-001,0.0,-48.28,0.0
2025-06-07 13:40:47,esp32-001,0.0,-48.28,0.0
2025-06-07 13:40:57,esp32-001,0.0,-48.28,0.0
2025-06-07 13:41:07,esp32-001,0.0,-48.28,0.0
2025-06-07 13:41:17,esp32-001,0.0,-48.28,0.0
2025-06-07 13:41:27,esp32-001,0.0,-48.28,0.0
2025-06-07 13:41:37,esp32-001,0.0,-48.28,0.0
2025-06-07 13:41:47,esp32-001,0.0,-48.28,0.0
2025-06-07 13:41:57,esp32-001,0.0,-48.28,0.0
2025-06-07 13:42:07,esp32-001,0.0,-48.28,0.0
2025-06-07 13:42:17,esp32-001,0.0,-48.28,0.0
2025-06-07 13:42:27,esp32-001,0.0,-48.28,0.0
2025-06-07 13:42:37,esp32-001,0.0,-48.28,0.0
2025-06-07 13:42:47,esp32-001,0.0,-48.28,0.0
2025-06-07 13:42:57,esp32-001,0.0,-48.28,0.0
2025-06-07 13:43:07,esp32-001,0.0,-48.28,0.0
2025-06-07 13:43:17,esp32-001,0.0,-48.28,0.0
2025-06-07 13:43:27,esp32-001,0.0,-48.28,0.0
2025-06-07 13:43:37,esp32-001,0.0,-48.28,0.0
2025-06-07 13:43:47,esp32-001,0.0,-48.28,0.0
2025-06-07 13:43:57,esp32-001,0.0,-48.28,0.0
2025-06-07 13:44:07,esp32-001,0.0,-48.28,0.0
2025-06-07 13:44:17,esp32-001,0.0,-48.28,0.0
2025-06-07 13:44:27,esp32-001,0.0,-48.28,0.0
2025-06-07 13:44:37,esp32-001,0.0,-48.28,0.0
2025-06-07 13:44:47,esp32-001,0.0,-48.28,0.0
2025-06-07 13:44:57,esp32-001,0.0,-48.28,0.0
2025-06-07 13:45:07,esp32-001,0.0,-48.28,0.0
2025-06-07 13:45:17,esp32-001,0.0,-48.28,0.0
2025-06-07 13:45:27,esp32-001,0.0,-48.28,0.0
2025-06-07 13:45:37,esp32-001,0.0,-48.28,0.0
2025-06-07 13:45:47,esp32-001,0.0,-48.28,0.0
2025-06-07 13:45:57,esp32-001,0.0,-48.28,0.0
2025-06-07 13:46:07,esp32-001,0.0,-48.28,0.0
2025-06-07 13:46:17,esp32-001,0.0,-48.28,0.0
2025-06-07 13:46:27,esp32-001,0.0,-48.28,0.0
2025-06-07 13:46:37,esp32-001,0.0,-48.28,0.0
2025-06-07 13:46:47,esp32-001,0.0,-48.28,0.0
2025-06-07 13:46:57,esp32-001,0.0,-48.28,0.0
2025-06-07 13:47:07,esp32-001,0.0,-48.28,0.0
2025-06-07 13:47:17,esp32-001,0.0,-48.28,0.0
2025-06-07 13:47:27,esp32-001,0.0,-48.28,0.0
2025-06-07 13:47:37,esp32-001,0.0,-48.28,0.0
2025-06-07 13:47:47,esp32-001,0.0,-48.28,0.0
2025-06-07 13:48:14,esp32-001,0.0,-48.28,0.0
2025-06-07 13:48:24,esp32-001,0.0,-48.28,0.0
2025-06-07 13:48:34,esp32-001,0.0,-48.28,0.0
2025-06-07 13:48:44,esp32-001,0.0,-48.28,0.0
2025-06-07 13:48:54,esp32-001,0.0,-48.28,0.0
2025-06-07 13:49:04,esp32-001,0.0,-48.28,0.0
2025-06-07 13:49:14,esp32-001,0.0,-48.28,0.0
2025-06-07 13:49:24,esp32-001,0.0,-48.28,0.0
2025-06-07 13:49:34,esp32-001,0.0,-48.28,0.0
2025-06-07 13:49:44,esp32-001,0.0,-48.28,0.0
2025-06-07 13:49:54,esp32-001,0.0,-48.28,0.0
2025-06-07 13:50:04,esp32-001,0.0,-48.28,0.0
2025-06-07 13:50:14,esp32-001,0.0,-48.28,0.0
2025-06-07 13:50:29,esp32-001,0.0,-48.28,0.0
2025-06-07 13:50:39,esp32-001,0.0,-48.28,0.0
2025-06-07 13:50:49,esp32-001,0.0,-48.28,0.0
2025-06-07 13:51:14,esp32-001,0.0,-48.28,0.0
2025-06-07 13:51:24,esp32-001,0.0,-48.28,0.0
2025-06-07 13:51:34,esp32-001,0.0,-48.28,0.0
2025-06-07 13:51:44,esp32-001,0.0,-48.28,0.0
2025-06-07 13:51:54,esp32-001,0.0,-48.28,0.0
2025-06-07 13:52:04,esp32-001,0.0,-48.28,0.0
2025-06-07 13:52:14,esp32-001,0.0,-48.28,0.0
2025-06-07 13:52:24,esp32-001,0.0,-48.28,0.0
2025-06-07 13:52:34,esp32-001,0.0,-48.28,0.0
2025-06-07 13:52:44,esp32-001,0.0,-48.28,0.0
2025-06-07 13:52:54,esp32-001,0.0,-48.28,0.0
2025-06-07 13:53:04,esp32-001,0.0,-48.28,0.0
2025-06-07 13:53:14,esp32-001,0.0,-48.28,0.0
2025-06-07 13:53:24,esp32-001,0.0,-48.28,0.0
2025-06-07 13:53:34,esp32-001,0.0,-48.28,0.0
2025-06-07 13:53:44,esp32-001,0.0,-48.28,0.0
2025-06-07 13:54:05,esp32-001,0.0,-48.28,0.0
2025-06-07 13:54:15,esp32-001,0.0,-48.28,0.0
2025-06-07 13:54:25,esp32-001,0.0,-48.28,0.0
2025-06-07 13:54:35,esp32-001,0.0,-48.28,0.0
2025-06-07 13:54:45,esp32-001,0.0,365.46,0.0
2025-06-07 14:19:49,esp32-001,0.0,-48.28,28.25
2025-06-07 14:19:59,esp32-001,0.0,-48.28,28.75
2025-06-07 14:20:09,esp32-001,0.0,-48.28,28.5
2025-06-07 14:20:19,esp32-001,0.0,-48.28,28.0
2025-06-07 14:20:29,esp32-001,0.0,-48.28,28.75
2025-06-07 14:21:08,esp32-001,0.0,-48.28,27.75
2025-06-07 14:21:18,esp32-001,0.0,-48.28,28.75
2025-06-07 14:21:28,esp32-001,0.0,-1.59,29.0
2025-06-07 14:21:38,esp32-001,0.0,-4.51,29.25
2025-06-07 14:21:48,esp32-001,0.0,-1.59,28.75
2025-06-07 14:21:58,esp32-001,0.0,1.13,29.25
2025-06-07 14:22:08,esp32-001,0.0,-1.59,28.75
2025-06-07 14:22:18,esp32-001,0.0,-5.29,28.75
2025-06-07 14:22:28,esp32-001,0.0,-1.59,29.25
2025-06-07 14:22:38,esp32-001,0.0,-1.59,29.25
2025-06-07 14:22:48,esp32-001,0.0,-1.01,29.5
2025-06-07 14:22:58,esp32-001,0.0,-1.4,29.25
2025-06-07 14:23:08,esp32-001,0.0,-1.59,29.5
2025-06-07 14:23:18,esp32-001,0.0,-1.59,29.25
2025-06-07 14:23:28,esp32-001,0.0,-1.59,29.25
2025-06-07 14:23:38,esp32-001,0.0,-1.59,29.5
2025-06-07 14:23:48,esp32-001,0.0,-1.59,29.75
2025-06-07 14:23:58,esp32-001,0.0,-1.2,29.25
2025-06-07 14:24:08,esp32-001,0.0,-1.59,29.25
2025-06-07 14:24:18,esp32-001,0.0,-1.2,29.25
2025-06-07 14:24:28,esp32-001,0.0,-1.59,29.25
2025-06-07 14:24:38,esp32-001,0.0,-1.59,29.75
2025-06-07 14:24:48,esp32-001,0.0,-1.59,29.0
2025-06-07 14:34:47,esp32-001,0.0,-48.28,29.25
2025-06-07 14:35:07,esp32-001,0.0,-1.01,29.0
2025-06-07 14:36:07,esp32-001,0.0,-0.81,24.0
2025-06-07 14:36:17,esp32-001,0.0,-0.23,2040.0
2025-06-07 14:37:27,esp32-001,0.0,-0.23,0.0
2025-06-07 14:37:37,esp32-001,0.0,-2.56,0.0
2025-06-07 14:37:47,esp32-001,0.0,0.74,0.0
2025-06-07 14:37:57,esp32-001,0.0,-1.01,0.0
2025-06-07 14:38:07,esp32-001,0.0,-1.01,0.0
2025-06-07 14:38:17,esp32-001,0.0,-3.73,0.0
2025-06-07 14:38:27,esp32-001,0.0,-0.62,0.0
2025-06-07 14:38:37,esp32-001,0.0,-0.23,0.0
2025-06-07 14:38:47,esp32-001,0.0,0.94,0.0
2025-06-07 14:38:57,esp32-001,0.0,21.36,0.0
2025-06-07 14:39:21,esp32-001,0.0,1.72,27.25
2025-06-07 14:39:31,esp32-001,0.0,1.91,27.5
2025-06-07 14:39:41,esp32-001,0.0,1.52,27.75
2025-06-07 14:39:51,esp32-001,0.0,2.3,27.25
2025-06-07 14:40:01,esp32-001,0.0,1.91,27.5
2025-06-07 14:40:11,esp32-001,0.0,2.69,27.25
2025-06-07 14:40:21,esp32-001,0.0,2.49,27.5
2025-06-07 14:40:31,esp32-001,0.0,2.69,27.75
2025-06-07 14:40:41,esp32-001,0.0,2.88,27.75
2025-06-07 14:40:51,esp32-001,0.0,3.47,27.5
2025-06-07 14:41:01,esp32-001,0.0,1.72,27.75
2025-06-07 14:41:11,esp32-001,0.0,3.08,27.5
2025-06-07 14:41:21,esp32-001,0.0,2.49,28.0
2025-06-07 14:41:31,esp32-001,0.0,4.44,27.5
2025-06-07 14:41:41,esp32-001,0.0,5.02,27.75
2025-06-07 14:41:51,esp32-001,0.0,0.55,27.5
2025-06-07 14:42:01,esp32-001,0.0,5.61,27.75
2025-06-07 14:42:11,esp32-001,0.0,3.27,32.25
2025-06-07 14:42:21,esp32-001,0.0,0.94,35.75
2025-06-07 14:42:31,esp32-001,0.0,0.74,34.5
2025-06-07 14:42:41,esp32-001,0.0,-2.56,33.25
2025-06-07 14:42:51,esp32-001,0.0,-0.23,32.75
2025-06-07 14:43:01,esp32-001,0.0,-0.04,31.75
2025-06-07 14:43:11,esp32-001,0.0,-0.23,31.75
2025-06-07 14:43:21,esp32-001,0.0,0.16,30.75
2025-06-07 14:43:31,esp32-001,0.0,-0.23,30.5
2025-06-07 14:43:41,esp32-001,0.0,-0.04,30.25
2025-06-07 14:43:51,esp32-001,0.0,-1.01,30.25
2025-06-07 14:44:01,esp32-001,0.0,-0.42,30.0
2025-06-07 14:44:11,esp32-001,0.0,-0.23,29.5
2025-06-07 14:44:21,esp32-001,0.0,0.35,30.0
2025-06-07 14:44:31,esp32-001,0.0,0.55,29.75
2025-06-07 14:44:41,esp32-001,0.0,0.94,29.25
2025-06-07 14:45:01,esp32-001,0.0,0.16,29.5
2025-06-07 14:45:11,esp32-001,0.0,0.35,0.0
2025-06-07 14:45:21,esp32-001,0.0,0.16,1.75
2025-06-07 14:45:31,esp32-001,0.0,0.35,0.0
2025-06-07 14:45:41,esp32-001,0.0,0.55,0.0
2025-06-07 14:45:51,esp32-001,0.0,0.94,29.25
2025-06-07 14:46:01,esp32-001,0.0,1.33,0.0
2025-06-07 14:46:11,esp32-001,0.0,1.13,14.5
2025-06-07 14:46:21,esp32-001,0.0,0.94,1.75
2025-06-07 14:46:31,esp32-001,0.0,0.55,0.0
2025-06-07 14:46:41,esp32-001,0.0,1.52,1.75
2025-06-07 14:46:51,esp32-001,0.0,1.72,28.5
2025-06-07 14:47:11,esp32-001,0.0,-1.59,2.0
2025-06-07 14:47:21,esp32-001,0.0,1.33,29.0
2025-06-07 14:47:31,esp32-001,0.0,1.52,29.0
2025-06-07 14:47:51,esp32-001,0.0,2.1,14.5
2025-06-07 14:48:01,esp32-001,0.0,1.52,28.75
2025-06-07 14:48:11,esp32-001,0.0,1.33,0.0
2025-06-07 14:48:21,esp32-001,0.0,1.52,0.0
2025-06-07 14:48:31,esp32-001,0.0,9.11,28.5
2025-06-07 14:48:41,esp32-001,0.0,10.86,0.0
2025-06-07 14:48:51,esp32-001,0.0,2.1,0.0
2025-06-07 14:49:01,esp32-001,0.0,-2.95,0.0
2025-06-07 14:49:11,esp32-001,0.0,1.33,28.75
2025-06-07 14:49:21,esp32-001,0.0,0.16,0.0
2025-06-07 14:49:31,esp32-001,0.0,-48.28,0.0
2025-06-07 20:10:22,esp32-001,1429.0,48.0,25.75
2025-06-07 20:10:32,esp32-001,1430.0,48.0,26.25
2025-06-07 20:10:42,esp32-001,1466.0,48.0,26.25
2025-06-07 20:10:52,esp32-001,1686.0,48.0,26.0
2025-06-07 20:11:02,esp32-001,2204.0,48.0,26.25
2025-06-07 20:11:12,esp32-001,2270.0,48.0,26.0
2025-06-07 20:11:22,esp32-001,2352.0,48.0,25.75
2025-06-07 20:11:32,esp32-001,2356.0,48.0,25.75
2025-06-07 20:11:42,esp32-001,2298.0,48.0,26.0
2025-06-07 20:11:52,esp32-001,1836.0,48.0,26.25
2025-06-07 20:12:02,esp32-001,1607.0,48.0,25.75
2025-06-07 20:12:12,esp32-001,1537.0,48.0,26.0
2025-06-07 20:12:22,esp32-001,1522.0,48.0,26.25
2025-06-07 20:12:32,esp32-001,1509.0,48.0,26.25
2025-06-07 20:12:42,esp32-001,1498.0,48.0,26.5
2025-06-07 20:12:52,esp32-001,1473.0,48.0,26.5
2025-06-07 20:13:02,esp32-001,1463.0,48.0,26.25
2025-06-07 20:13:12,esp32-001,1428.0,48.0,26.5
2025-06-07 20:13:22,esp32-001,1400.0,48.0,26.25
2025-06-07 20:13:32,esp32-001,1384.0,48.0,26.5
2025-06-07 20:13:42,esp32-001,1374.0,48.0,26.25
2025-06-07 20:13:52,esp32-001,1356.0,48.0,26.0
2025-06-07 20:14:21,esp32-001,1343.0,-48.28,25.75
2025-06-07 20:14:31,esp32-001,1337.0,-48.28,25.5
2025-06-07 20:14:41,esp32-001,1322.0,-48.28,26.25
2025-06-07 20:14:51,esp32-001,1315.0,-48.28,26.5
2025-06-07 20:15:01,esp32-001,1315.0,-48.28,26.5
2025-06-07 20:15:11,esp32-001,1314.0,-48.28,26.5
2025-06-07 20:15:21,esp32-001,1311.0,-48.28,26.0
2025-06-07 20:15:31,esp32-001,1310.0,-48.28,26.5
2025-06-07 20:15:41,esp32-001,1306.0,-48.28,25.75
2025-06-07 20:15:51,esp32-001,1303.0,-48.28,26.25
2025-06-07 20:16:01,esp32-001,1303.0,-48.28,26.0
2025-06-07 20:16:11,esp32-001,1306.0,-48.28,26.5
2025-06-07 20:16:21,esp32-001,1314.0,-48.28,26.25
2025-06-07 20:16:31,esp32-001,1328.0,-48.28,26.0
2025-06-07 20:16:41,esp32-001,1354.0,-48.28,26.25
2025-06-07 20:16:52,esp32-001,1365.0,-48.28,26.25
2025-06-07 20:17:02,esp32-001,1368.0,-48.28,26.25
2025-06-07 20:17:12,esp32-001,1372.0,-48.28,25.5
2025-06-07 20:17:22,esp32-001,1375.0,-48.28,26.25
2025-06-07 20:17:32,esp32-001,1384.0,-48.28,26.5
2025-06-07 20:17:42,esp32-001,1415.0,-48.28,26.25
2025-06-07 20:17:52,esp32-001,1442.0,-48.28,25.5
2025-06-07 20:18:02,esp32-001,1489.0,-48.28,26.0
2025-06-07 20:18:12,esp32-001,1492.0,-48.28,25.75
2025-06-07 20:18:22,esp32-001,1494.0,-48.28,25.75
2025-06-07 20:18:32,esp32-001,1489.0,-48.28,26.25
2025-06-07 20:18:42,esp32-001,1517.0,-48.28,25.75
2025-06-07 20:18:52,esp32-001,1514.0,-48.28,25.75
2025-06-07 20:19:02,esp32-001,1561.0,-48.28,26.25
2025-06-07 20:19:12,esp32-001,1565.0,-48.28,26.0
2025-06-07 20:19:22,esp32-001,1566.0,-48.28,26.0
2025-06-07 20:19:32,esp32-001,1600.0,-48.28,26.25
2025-06-07 20:19:42,esp32-001,1596.0,-48.28,25.75
2025-06-07 20:19:52,esp32-001,1623.0,-48.28,26.0
2025-06-07 20:20:02,esp32-001,1696.0,-48.28,25.75
2025-06-07 20:20:12,esp32-001,1737.0,-48.28,26.0
2025-06-07 20:20:22,esp32-001,1750.0,-48.28,26.0
2025-06-07 20:20:32,esp32-001,1753.0,-48.28,25.5
2025-06-07 20:20:42,esp32-001,1732.0,-48.28,26.0
2025-06-07 20:20:52,esp32-001,1688.0,-48.28,25.75
2025-06-07 20:21:02,esp32-001,1706.0,-48.28,26.0
2025-06-07 20:21:12,esp32-001,1747.0,-48.28,26.0
2025-06-07 20:21:22,esp32-001,1747.0,-48.28,26.0
2025-06-07 20:21:32,esp32-001,1724.0,-48.28,26.25
2025-06-07 20:21:43,esp32-001,1729.0,-48.28,26.25
2025-06-07 20:21:53,esp32-001,1683.0,-48.28,26.0
2025-06-07 20:22:03,esp32-001,1574.0,-48.28,26.0
2025-06-07 20:22:13,esp32-001,1535.0,-48.28,26.0
2025-06-07 20:22:23,esp32-001,1470.0,-48.28,26.0
2025-06-07 20:22:33,esp32-001,1453.0,-48.28,26.0
2025-06-07 20:22:43,esp32-001,1432.0,-48.28,25.75
2025-06-07 20:22:53,esp32-001,1398.0,-48.28,26.0
2025-06-07 20:23:03,esp32-001,1377.0,-48.28,25.75
2025-06-07 20:23:13,esp32-001,1348.0,-48.28,25.75
2025-06-07 20:23:23,esp32-001,1341.0,-48.28,26.0
2025-06-07 20:23:33,esp32-001,1337.0,-48.28,25.5
2025-06-07 20:23:43,esp32-001,1333.0,-48.28,26.25
2025-06-07 20:23:53,esp32-001,1332.0,-48.28,25.75
2025-06-07 20:24:03,esp32-001,1331.0,-48.28,25.75
2025-06-07 20:24:13,esp32-001,1330.0,-48.28,25.25
2025-06-07 20:24:23,esp32-001,1327.0,-48.28,26.0
2025-06-07 20:24:33,esp32-001,1322.0,-48.28,26.0
2025-06-07 20:24:43,esp32-001,1317.0,-48.28,25.75
2025-06-07 20:24:53,esp32-001,1315.0,-48.28,26.0
2025-06-07 20:25:03,esp32-001,1309.0,-48.28,26.25
2025-06-07 20:25:13,esp32-001,0.0,-48.28,25.5
2025-06-07 20:25:23,esp32-001,0.0,-48.28,26.0
2025-06-10 04:43:13,esp32-001,0.0,-48.28,25.25
2025-06-10 04:43:23,esp32-001,0.0,-48.28,25.25
2025-06-10 04:43:33,esp32-001,0.0,-48.28,25.5
2025-06-10 04:43:43,esp32-001,0.0,-48.28,25.5
2025-06-10 04:54:20,esp32-001,0.0,-48.28,0.0
2025-06-10 04:55:14,esp32-001,0.0,-48.28,25.25
2025-06-10 04:55:24,esp32-001,0.0,-48.28,25.0
2025-06-10 10:44:11,esp32-001,0.0,-48.28,29.5
2025-06-10 10:44:21,esp32-001,0.0,-48.28,30.0
2025-06-10 10:44:31,esp32-001,0.0,-48.28,30.25
2025-06-10 10:44:41,esp32-001,0.0,-48.28,30.25
2025-06-10 10:44:51,esp32-001,0.0,-48.28,30.5
2025-06-10 10:45:01,esp32-001,0.0,-48.28,30.75
2025-06-10 10:45:11,esp32-001,0.0,-48.28,31.0
2025-06-10 10:45:21,esp32-001,0.0,-48.28,31.0
2025-06-10 10:45:31,esp32-001,0.0,-48.28,31.0
2025-06-10 10:45:41,esp32-001,0.0,-48.28,31.0
2025-06-10 10:45:51,esp32-001,0.0,-48.28,31.0
2025-06-10 10:46:01,esp32-001,0.0,-48.28,31.25
2025-06-10 10:46:11,esp32-001,0.0,-48.28,31.5
2025-06-10 10:46:21,esp32-001,0.0,-48.28,31.0
2025-06-10 10:47:30,esp32-001,0.0,-48.28,31.75
2025-06-10 10:47:40,esp32-001,0.0,-48.28,31.75
2025-06-10 10:47:50,esp32-001,0.0,-48.28,32.5
2025-06-10 10:48:00,esp32-001,0.0,-48.28,31.5
2025-06-10 10:48:10,esp32-001,0.0,-48.28,31.75
2025-06-10 10:48:20,esp32-001,0.0,-48.28,31.5
2025-06-10 10:48:30,esp32-001,0.0,-48.28,31.5
2025-06-10 10:48:40,esp32-001,0.0,-48.28,32.0
2025-06-10 10:48:50,esp32-001,0.0,-48.28,32.0
2025-06-10 10:49:00,esp32-001,0.0,-48.28,32.0
2025-06-10 10:58:20,esp32-001,0.0,-48.28,29.0
2025-06-10 10:58:30,esp32-001,0.0,-48.28,29.0
2025-06-10 11:46:04,esp32-001,0.0,27.0,32.5
2025-06-10 11:46:14,esp32-001,0.0,26.42,32.25
2025-06-10 11:46:24,esp32-001,0.0,25.45,32.0
2025-06-10 11:46:34,esp32-001,0.0,30.11,31.75
2025-06-10 11:46:44,esp32-001,0.0,27.2,32.5
2025-06-10 11:46:54,esp32-001,0.0,27.78,32.25
2025-06-10 11:47:04,esp32-001,0.0,27.0,32.0
2025-06-10 11:47:14,esp32-001,0.0,27.39,32.5
2025-06-10 11:47:24,esp32-001,0.0,27.78,32.25
2025-06-10 11:47:34,esp32-001,0.0,27.39,32.0
2025-06-10 11:47:44,esp32-001,0.0,24.67,32.25
2025-06-10 11:47:54,esp32-001,0.0,26.42,32.25
2025-06-10 11:54:53,esp32-001,0.0,26.42,31.0
2025-06-10 11:55:03,esp32-001,0.0,27.39,30.75
2025-06-10 11:55:13,esp32-001,0.0,26.61,31.25
2025-06-10 11:55:23,esp32-001,0.0,26.81,31.25
2025-06-10 11:55:33,esp32-001,0.0,27.59,31.0
2025-06-10 11:55:43,esp32-001,0.0,27.0,31.25
2025-06-10 11:55:53,esp32-001,0.0,26.81,31.25
2025-06-10 11:56:03,esp32-001,0.0,27.39,31.25
2025-06-10 11:56:13,esp32-001,0.0,27.39,31.25
2025-06-10 11:56:23,esp32-001,0.0,26.81,30.75
2025-06-10 11:56:33,esp32-001,0.0,26.81,30.75
2025-06-10 11:56:43,esp32-001,0.0,27.0,31.25
2025-06-10 11:56:53,esp32-001,0.0,27.78,31.0
2025-06-10 11:57:03,esp32-001,0.0,27.59,31.0
2025-06-10 11:57:13,esp32-001,0.0,27.39,31.0
2025-06-10 11:57:23,esp32-001,0.0,27.0,31.25
2025-06-10 11:57:33,esp32-001,0.0,26.61,31.25
2025-06-10 11:57:44,esp32-001,0.0,27.0,30.75
2025-06-10 11:57:54,esp32-001,0.0,26.61,31.0
2025-06-10 11:58:04,esp32-001,0.0,26.61,31.0
2025-06-10 11:58:14,esp32-001,0.0,26.81,31.25
2025-06-10 11:59:23,esp32-001,0.0,25.06,30.75
2025-06-10 11:59:33,esp32-001,0.0,27.39,30.5
2025-06-10 11:59:43,esp32-001,0.0,26.61,30.5
2025-06-10 11:59:53,esp32-001,0.0,27.59,30.75
2025-06-10 12:00:03,esp32-001,0.0,27.39,30.75
2025-06-10 12:00:13,esp32-001,0.0,27.0,30.75
2025-06-10 12:00:23,esp32-001,0.0,27.0,31.0
2025-06-10 12:00:33,esp32-001,0.0,27.59,31.0
2025-06-10 12:00:43,esp32-001,0.0,27.39,31.0
2025-06-10 12:00:53,esp32-001,0.0,26.61,30.25
2025-06-10 12:01:03,esp32-001,0.0,27.2,30.5
2025-06-10 12:01:13,esp32-001,0.0,27.78,30.75
2025-06-10 12:01:23,esp32-001,0.0,26.81,30.5
2025-06-10 12:01:33,esp32-001,0.0,26.81,30.5
2025-06-10 12:01:43,esp32-001,0.0,28.17,30.5
2025-06-10 12:01:53,esp32-001,0.0,27.78,30.5
2025-06-10 12:02:03,esp32-001,0.0,28.56,30.5
2025-06-10 12:02:14,esp32-001,0.0,27.78,30.25
2025-06-10 12:02:24,esp32-001,0.0,28.17,30.25
2025-06-10 12:02:34,esp32-001,0.0,27.78,30.25
2025-06-10 12:02:44,esp32-001,0.0,27.78,30.25
2025-06-10 12:02:54,esp32-001,0.0,29.34,29.75
2025-06-10 12:03:04,esp32-001,0.0,29.53,30.25
2025-06-10 12:03:14,esp32-001,0.0,29.53,30.25
2025-06-10 12:03:24,esp32-001,0.0,29.34,30.25
2025-06-10 12:03:34,esp32-001,0.0,29.53,30.0
2025-06-10 12:03:44,esp32-001,0.0,29.53,30.0
2025-06-10 12:03:54,esp32-001,0.0,29.53,30.0
2025-06-10 12:04:04,esp32-001,0.0,29.53,29.75
2025-06-10 12:04:14,esp32-001,0.0,28.95,30.0
2025-06-10 12:04:24,esp32-001,0.0,29.53,29.25
2025-06-10 12:04:34,esp32-001,0.0,28.95,29.75
2025-06-10 12:04:44,esp32-001,0.0,29.34,29.25
2025-06-10 12:04:54,esp32-001,0.0,29.53,29.25
2025-06-10 12:05:04,esp32-001,0.0,29.53,29.0
2025-06-10 12:05:14,esp32-001,0.0,29.14,29.5
2025-06-10 12:05:24,esp32-001,0.0,28.95,29.5
2025-06-10 12:05:34,esp32-001,0.0,29.53,29.0
2025-06-10 12:05:44,esp32-001,0.0,26.61,28.5
2025-06-10 12:05:54,esp32-001,0.0,29.53,28.25
2025-06-10 12:06:04,esp32-001,0.0,28.95,28.25
2025-06-10 12:06:14,esp32-001,0.0,29.34,29.0
2025-06-10 12:06:24,esp32-001,0.0,29.34,29.0
2025-06-10 12:06:34,esp32-001,0.0,29.34,29.0
2025-06-10 12:13:28,esp32-001,0.0,26.81,26.75
2025-06-10 12:13:38,esp32-001,0.0,28.36,27.25
2025-06-10 12:13:48,esp32-001,0.0,28.36,27.5
2025-06-10 12:13:58,esp32-001,0.0,28.95,26.75
2025-06-10 12:14:08,esp32-001,0.0,28.95,27.0
2025-06-10 12:14:18,esp32-001,0.0,28.56,27.0
2025-06-10 12:14:28,esp32-001,0.0,28.75,27.0
2025-06-10 12:14:38,esp32-001,0.0,29.14,27.0
2025-06-10 12:14:48,esp32-001,0.0,28.17,26.75
2025-06-10 12:14:58,esp32-001,0.0,30.5,27.0
2025-06-10 12:15:08,esp32-001,0.0,29.53,27.0
2025-06-10 12:15:18,esp32-001,0.0,30.7,27.0
2025-06-10 12:24:36,esp32-001,0.0,26.81,26.5
2025-06-10 12:24:46,esp32-001,0.0,27.0,26.0
2025-06-10 12:24:56,esp32-001,0.0,28.75,26.25
2025-06-10 12:29:14,esp32-001,0.0,30.11,25.75
2025-06-10 12:29:24,esp32-001,0.0,31.09,25.75
2025-06-10 12:29:34,esp32-001,0.0,29.73,25.5
2025-06-10 12:29:44,esp32-001,0.0,30.5,26.5
2025-06-10 12:29:54,esp32-001,0.0,30.11,26.25
2025-06-10 12:30:04,esp32-001,0.0,30.89,26.0
2025-06-10 12:30:15,esp32-001,0.0,31.67,26.25
2025-06-10 12:30:25,esp32-001,0.0,31.48,26.25
2025-06-10 12:30:35,esp32-001,0.0,30.31,26.25
2025-06-10 12:30:45,esp32-001,0.0,30.89,26.25
2025-06-10 12:30:55,esp32-001,0.0,30.7,26.25
2025-06-10 12:31:05,esp32-001,0.0,30.7,26.25
2025-06-10 12:31:15,esp32-001,0.0,32.45,26.25
2025-06-10 12:31:25,esp32-001,0.0,30.89,26.0
2025-06-10 12:31:54,esp32-001,0.0,31.67,26.0
2025-06-10 12:32:03,esp32-001,0.0,30.5,26.0
2025-06-10 12:32:13,esp32-001,0.0,33.23,26.0
2025-06-10 12:32:23,esp32-001,0.0,30.89,26.0
2025-06-10 12:32:34,esp32-001,0.0,32.25,26.0
2025-06-10 12:32:44,esp32-001,0.0,30.89,26.25
2025-06-10 12:32:54,esp32-001,0.0,31.87,26.25
2025-06-10 12:33:04,esp32-001,0.0,32.25,26.0
2025-06-10 12:33:14,esp32-001,0.0,31.67,26.25
2025-06-10 12:33:24,esp32-001,0.0,29.34,26.25
2025-06-10 12:33:34,esp32-001,0.0,28.95,26.0
2025-06-10 12:33:44,esp32-001,0.0,29.14,26.0
2025-06-10 12:33:54,esp32-001,0.0,29.34,26.0
2025-06-10 12:34:04,esp32-001,0.0,26.22,26.0
2025-06-10 12:34:14,esp32-001,0.0,28.56,26.0
2025-06-10 12:34:24,esp32-001,0.0,28.75,26.0
2025-06-10 12:34:34,esp32-001,0.0,28.56,26.25
2025-06-10 12:34:44,esp32-001,0.0,28.95,26.25
2025-06-10 12:34:54,esp32-001,0.0,28.95,26.25
2025-06-10 12:35:04,esp32-001,0.0,28.56,25.75
2025-06-10 12:35:14,esp32-001,0.0,29.14,25.75
2025-06-10 12:35:24,esp32-001,0.0,28.56,25.75
2025-06-10 12:35:34,esp32-001,0.0,28.56,26.25
2025-06-10 12:35:44,esp32-001,0.0,26.22,25.75
2025-06-10 12:35:54,esp32-001,0.0,28.95,26.25
2025-06-10 12:36:04,esp32-001,0.0,28.95,26.25
2025-06-10 12:41:38,esp32-001,0.0,28.17,26.0
2025-06-10 12:41:48,esp32-001,0.0,28.95,25.75
2025-06-10 12:41:58,esp32-001,0.0,28.95,26.0
2025-06-10 12:42:08,esp32-001,0.0,20.0,25.5
2025-06-10 12:42:18,esp32-001,0.0,29.14,26.0
2025-06-10 12:42:28,esp32-001,0.0,29.53,26.0
2025-06-10 12:42:38,esp32-001,0.0,29.34,25.75
2025-06-10 12:42:48,esp32-001,0.0,29.53,25.75
2025-06-10 12:42:58,esp32-001,0.0,29.14,26.0
2025-06-10 12:43:08,esp32-001,0.0,28.95,25.75
2025-06-10 12:43:18,esp32-001,0.0,29.53,26.0
2025-06-10 13:18:47,esp32-001,0.0,-48.28,0.0
2025-06-10 13:18:57,esp32-001,0.0,-48.28,0.0
2025-06-10 13:19:07,esp32-001,0.0,-48.28,0.0
2025-06-10 13:19:17,esp32-001,0.0,-48.28,0.0
2025-06-10 13:19:27,esp32-001,0.0,-48.28,0.0
2025-06-10 13:19:37,esp32-001,0.0,-48.28,0.0
2025-06-10 13:19:47,esp32-001,0.0,-48.28,0.0
2025-06-10 13:19:57,esp32-001,0.0,-48.28,0.0
2025-06-10 13:20:07,esp32-001,0.0,305.36,0.0
2025-06-10 13:20:17,esp32-001,0.0,-48.28,0.0
2025-06-10 13:20:27,esp32-001,0.0,-48.28,0.0
2025-06-10 13:20:37,esp32-001,0.0,-48.28,0.0
2025-06-10 13:30:51,esp32-001,0.0,-48.28,26.25
2025-06-10 13:31:01,esp32-001,0.0,-48.28,26.25
2025-06-10 13:31:11,esp32-001,0.0,-48.28,26.5
2025-06-10 13:31:21,esp32-001,0.0,-48.28,26.5
2025-06-10 13:39:32,esp32-001,0.0,300.5,0.0
2025-06-10 13:40:38,esp32-001,0.0,-48.28,0.0
2025-06-10 13:40:48,esp32-001,0.0,-48.28,0.0
2025-06-10 13:41:05,esp32-001,0.0,-48.28,0.0
2025-06-10 13:41:26,esp32-001,0.0,-48.28,0.0
2025-06-10 13:41:36,esp32-001,0.0,-48.28,0.0
2025-06-10 13:41:46,esp32-001,0.0,-48.28,0.0
2025-06-10 13:41:56,esp32-001,0.0,-48.28,0.0
2025-06-10 13:42:06,esp32-001,0.0,-48.28,0.0
2025-06-10 13:42:16,esp32-001,0.0,-48.28,0.0
2025-06-10 13:42:26,esp32-001,0.0,-48.28,0.0
2025-06-10 13:42:55,esp32-001,0.0,-48.28,0.0
2025-06-10 13:43:05,esp32-001,0.0,-48.28,0.0
2025-06-10 13:43:15,esp32-001,0.0,-48.28,0.0
2025-06-10 13:43:37,esp32-001,0.0,-48.28,0.0
2025-06-10 13:43:47,esp32-001,0.0,-48.28,0.0
2025-06-10 13:43:57,esp32-001,0.0,-48.28,0.0
2025-06-10 13:44:07,esp32-001,0.0,-48.28,0.0
2025-06-10 13:44:17,esp32-001,0.0,-48.28,0.0
2025-06-10 13:44:27,esp32-001,0.0,-48.28,0.0
2025-06-10 13:44:37,esp32-001,0.0,-48.28,26.25
2025-06-10 13:44:47,esp32-001,0.0,-48.28,25.5
2025-06-10 13:44:57,esp32-001,0.0,-48.28,25.5
2025-06-10 13:45:07,esp32-001,0.0,-48.28,25.75
2025-06-10 13:45:17,esp32-001,0.0,-48.28,26.25
2025-06-10 13:45:27,esp32-001,0.0,-48.28,26.25
2025-06-10 13:45:37,esp32-001,0.0,-48.28,26.25
2025-06-10 13:45:47,esp32-001,0.0,-48.28,26.25
2025-06-10 13:45:57,esp32-001,0.0,-48.28,26.0
2025-06-10 13:46:07,esp32-001,0.0,-48.28,26.5
2025-06-10 13:46:17,esp32-001,0.0,-48.28,26.25
2025-06-10 13:46:27,esp32-001,0.0,-48.28,26.25
2025-06-10 13:46:37,esp32-001,0.0,-48.28,27.25
2025-06-10 13:46:47,esp32-001,0.0,-48.28,26.75
2025-06-10 13:46:57,esp32-001,0.0,-48.28,26.5
2025-06-10 13:47:07,esp32-001,0.0,-48.28,26.75
2025-06-10 13:47:17,esp32-001,0.0,-48.28,26.75
2025-06-10 13:47:27,esp32-001,0.0,-48.28,27.0
2025-06-10 13:47:37,esp32-001,0.0,-48.28,26.75
2025-06-10 13:47:47,esp32-001,0.0,-48.28,26.5
2025-06-10 13:47:57,esp32-001,0.0,-48.28,26.75
2025-06-10 13:48:07,esp32-001,0.0,-48.28,26.25
2025-06-10 13:48:17,esp32-001,0.0,-48.28,26.5
2025-06-10 13:48:27,esp32-001,0.0,-30.96,26.75
2025-06-10 13:48:37,esp32-001,0.0,-48.28,26.75
2025-06-10 13:49:11,esp32-001,0.0,-48.28,25.5
2025-06-10 13:49:21,esp32-001,0.0,-48.28,25.5
2025-06-10 13:49:31,esp32-001,0.0,-48.28,26.25
2025-06-10 13:49:41,esp32-001,0.0,-48.28,26.25
2025-06-10 13:49:51,esp32-001,0.0,-48.28,26.0
2025-06-10 13:53:51,esp32-001,0.0,748.28,0.0
2025-06-10 13:54:13,esp32-001,0.0,-48.28,0.0
2025-06-10 13:54:23,esp32-001,0.0,748.28,0.0
2025-06-10 13:54:33,esp32-001,0.0,748.28,0.0
2025-06-10 13:54:43,esp32-001,0.0,748.28,0.0
2025-06-10 13:54:53,esp32-001,0.0,748.28,0.0
2025-06-10 13:55:03,esp32-001,0.0,532.36,0.0
2025-06-10 13:55:13,esp32-001,0.0,748.28,0.0
2025-06-10 13:55:23,esp32-001,0.0,748.28,0.0
2025-06-10 13:55:33,esp32-001,0.0,40.81,0.0
2025-06-10 13:55:43,esp32-001,0.0,35.95,0.0
2025-06-10 13:55:53,esp32-001,0.0,40.04,0.0
2025-06-10 13:56:03,esp32-001,0.0,38.48,0.0
2025-06-10 14:00:24,esp32-001,0.0,157.52,0.0
2025-06-10 14:00:34,esp32-001,0.0,748.28,26.5
2025-06-10 14:00:44,esp32-001,0.0,748.28,26.5
2025-06-10 14:00:54,esp32-001,0.0,748.28,26.75
2025-06-10 14:01:04,esp32-001,0.0,748.28,25.75
2025-06-10 14:01:14,esp32-001,0.0,748.28,26.75
2025-06-10 14:01:24,esp32-001,0.0,748.28,26.5
2025-06-10 14:01:34,esp32-001,0.0,748.28,26.5
2025-06-10 14:01:44,esp32-001,0.0,748.28,26.5
2025-06-10 14:01:54,esp32-001,0.0,748.28,26.25
2025-06-10 14:02:04,esp32-001,0.0,748.28,27.0
2025-06-10 14:02:14,esp32-001,0.0,748.28,26.5
2025-06-10 14:02:24,esp32-001,0.0,748.28,26.75
2025-06-10 14:02:34,esp32-001,0.0,748.28,26.75
2025-06-10 14:02:44,esp32-001,0.0,748.28,26.5
2025-06-10 14:02:54,esp32-001,0.0,748.28,26.75
2025-06-10 14:03:04,esp32-001,0.0,748.28,26.5
2025-06-10 14:03:14,esp32-001,0.0,748.28,26.75
2025-06-10 14:03:24,esp32-001,0.0,748.28,26.5
2025-06-10 14:03:34,esp32-001,0.0,748.28,26.75
2025-06-10 14:03:44,esp32-001,0.0,748.28,27.0
2025-06-10 14:03:54,esp32-001,0.0,748.28,26.5
2025-06-10 14:04:04,esp32-001,0.0,748.28,26.75
2025-06-10 14:04:14,esp32-001,0.0,748.28,26.25
2025-06-10 14:04:24,esp32-001,0.0,748.28,27.0
2025-06-10 14:04:34,esp32-001,0.0,748.28,26.75
2025-06-10 14:04:44,esp32-001,0.0,748.28,27.25
2025-06-10 14:04:54,esp32-001,0.0,748.28,26.75
2025-06-10 14:05:04,esp32-001,0.0,748.28,26.75
2025-06-10 14:05:14,esp32-001,0.0,748.28,26.75
2025-06-10 14:05:24,esp32-001,0.0,748.28,26.75
2025-06-10 14:05:34,esp32-001,0.0,748.28,27.0
2025-06-10 14:05:44,esp32-001,0.0,748.28,27.0
2025-06-10 14:05:54,esp32-001,0.0,748.28,26.75
2025-06-10 14:06:04,esp32-001,0.0,748.28,26.75
2025-06-10 14:06:14,esp32-001,0.0,748.28,26.5
2025-06-10 14:06:24,esp32-001,0.0,748.28,26.75
2025-06-10 14:06:34,esp32-001,0.0,748.28,26.25
2025-06-10 14:06:44,esp32-001,0.0,748.28,26.5
2025-06-10 14:06:54,esp32-001,0.0,748.28,26.0
2025-06-10 14:07:04,esp32-001,0.0,748.28,26.0
2025-06-10 14:07:14,esp32-001,0.0,748.28,25.75
2025-06-10 14:07:24,esp32-001,0.0,748.28,26.5
2025-06-10 14:07:35,esp32-001,0.0,748.28,26.5
2025-06-10 14:07:45,esp32-001,0.0,748.28,26.5
2025-06-10 14:07:55,esp32-001,0.0,748.28,26.5
2025-06-10 14:08:05,esp32-001,0.0,748.28,26.5
2025-06-10 14:08:15,esp32-001,0.0,748.28,26.25
2025-06-10 14:08:25,esp32-001,0.0,748.28,27.0
2025-06-10 14:08:35,esp32-001,0.0,-48.28,27.0
2025-06-10 14:08:45,esp32-001,0.0,-48.28,26.25
2025-06-10 14:08:55,esp32-001,0.0,-48.28,26.75
2025-06-10 14:09:05,esp32-001,0.0,-48.28,26.75
2025-06-10 14:09:15,esp32-001,0.0,-48.28,26.75
2025-06-10 14:09:25,esp32-001,0.0,748.28,26.75
2025-06-10 14:09:35,esp32-001,0.0,748.28,26.5
2025-06-10 14:09:45,esp32-001,0.0,748.28,26.75
2025-06-10 14:09:55,esp32-001,0.0,748.28,27.25
2025-06-10 14:10:05,esp32-001,0.0,748.28,26.5
2025-06-10 14:10:15,esp32-001,0.0,748.28,27.0
2025-06-10 14:10:25,esp32-001,0.0,748.28,27.0
2025-06-10 14:10:35,esp32-001,0.0,748.28,26.5
2025-06-10 14:10:45,esp32-001,0.0,748.28,27.0
2025-06-10 14:10:55,esp32-001,0.0,748.28,27.0
2025-06-10 14:11:05,esp32-001,0.0,748.28,26.75
2025-06-10 14:11:15,esp32-001,0.0,748.28,27.25
2025-06-10 14:11:25,esp32-001,0.0,748.28,27.0
2025-06-10 14:11:35,esp32-001,0.0,748.28,26.75
2025-06-10 14:11:45,esp32-001,0.0,748.28,26.75
2025-06-10 14:11:55,esp32-001,0.0,748.28,27.0
2025-06-10 14:12:05,esp32-001,0.0,748.28,27.25
2025-06-10 14:12:15,esp32-001,0.0,748.28,26.75
2025-06-10 14:12:25,esp32-001,0.0,748.28,27.0
2025-06-10 14:12:35,esp32-001,0.0,748.28,27.5
2025-06-10 14:12:45,esp32-001,0.0,748.28,26.5
2025-06-10 14:12:55,esp32-001,0.0,748.28,27.25
2025-06-10 14:13:05,esp32-001,0.0,748.28,27.75
2025-06-10 14:13:15,esp32-001,0.0,748.28,27.25
2025-06-10 14:13:25,esp32-001,0.0,748.28,27.75
2025-06-10 14:13:35,esp32-001,0.0,748.28,27.25
2025-06-10 14:13:45,esp32-001,0.0,748.28,27.5
2025-06-10 14:13:55,esp32-001,0.0,748.28,27.75
2025-06-10 14:14:05,esp32-001,0.0,748.28,28.0
2025-06-10 14:14:15,esp32-001,0.0,748.28,27.75
2025-06-10 14:14:25,esp32-001,0.0,748.28,27.75
2025-06-10 14:14:35,esp32-001,0.0,748.28,28.0
2025-06-10 14:14:45,esp32-001,0.0,748.28,27.0
2025-06-10 14:14:55,esp32-001,0.0,748.28,27.0
2025-06-10 14:15:05,esp32-001,0.0,748.28,27.5
2025-06-10 14:15:15,esp32-001,0.0,748.28,27.5
2025-06-10 14:15:25,esp32-001,0.0,748.28,27.75
2025-06-10 14:15:35,esp32-001,0.0,748.28,27.5
2025-06-10 14:15:45,esp32-001,0.0,748.28,27.0
2025-06-10 14:15:55,esp32-001,0.0,748.28,27.75
2025-06-10 14:16:05,esp32-001,0.0,748.28,27.5
2025-06-10 14:16:15,esp32-001,0.0,748.28,27.5
2025-06-10 14:16:25,esp32-001,0.0,748.28,27.5
2025-06-10 14:16:35,esp32-001,0.0,748.28,27.75
2025-06-10 14:16:45,esp32-001,0.0,748.28,27.75
2025-06-10 14:16:55,esp32-001,0.0,748.28,28.0
2025-06-10 14:17:05,esp32-001,0.0,748.28,27.5
2025-06-10 14:17:15,esp32-001,0.0,748.28,27.75
2025-06-10 14:17:25,esp32-001,0.0,748.28,27.75
2025-06-10 14:18:33,esp32-001,0.0,748.28,28.0
2025-06-10 14:18:43,esp32-001,0.0,748.28,28.25
2025-06-10 14:18:53,esp32-001,0.0,748.28,28.0
2025-06-10 14:19:03,esp32-001,0.0,748.28,28.0
2025-06-10 14:19:13,esp32-001,0.0,748.28,28.0
2025-06-10 14:19:23,esp32-001,0.0,748.28,28.25
2025-06-10 14:19:34,esp32-001,0.0,748.28,28.0
2025-06-10 14:19:44,esp32-001,0.0,748.28,28.0
2025-06-10 14:19:54,esp32-001,0.0,748.28,28.25
2025-06-10 14:20:04,esp32-001,0.0,748.28,28.25
2025-06-10 14:20:14,esp32-001,0.0,748.28,28.0
2025-06-10 14:20:24,esp32-001,0.0,748.28,28.5
2025-06-10 14:20:34,esp32-001,0.0,748.28,28.25
2025-06-10 14:20:44,esp32-001,0.0,748.28,28.25
2025-06-10 14:20:54,esp32-001,0.0,748.28,28.25
2025-06-10 14:21:04,esp32-001,0.0,748.28,28.25
2025-06-10 14:21:14,esp32-001,0.0,748.28,28.0
2025-06-10 14:21:24,esp32-001,0.0,748.28,28.25
2025-06-10 14:21:34,esp32-001,0.0,748.28,28.25
2025-06-10 14:21:44,esp32-001,0.0,748.28,28.5
2025-06-10 14:21:54,esp32-001,0.0,748.28,28.25
2025-06-10 14:22:04,esp32-001,0.0,748.28,28.0
2025-06-10 14:22:14,esp32-001,0.0,748.28,28.0
2025-06-10 14:22:24,esp32-001,0.0,748.28,28.25
2025-06-10 14:22:34,esp32-001,0.0,748.28,29.0
2025-06-10 14:22:44,esp32-001,0.0,748.28,28.75
2025-06-10 14:22:54,esp32-001,0.0,748.28,28.75
2025-06-10 14:23:04,esp32-001,0.0,748.28,29.0
2025-06-10 14:23:14,esp32-001,0.0,748.28,28.5
2025-06-10 14:23:24,esp32-001,0.0,748.28,29.0
2025-06-10 14:23:34,esp32-001,0.0,748.28,29.0
2025-06-10 14:23:44,esp32-001,0.0,748.28,29.0
2025-06-10 14:23:54,esp32-001,0.0,748.28,28.75
2025-06-10 14:24:04,esp32-001,0.0,748.28,29.5
2025-06-10 14:24:14,esp32-001,0.0,748.28,29.25
2025-06-10 14:24:24,esp32-001,0.0,748.28,29.5
2025-06-10 14:25:23,esp32-001,0.0,748.28,29.75
2025-06-10 14:25:33,esp32-001,0.0,748.28,29.5
2025-06-10 14:25:43,esp32-001,0.0,748.28,29.75
2025-06-10 14:25:53,esp32-001,0.0,748.28,29.75
2025-06-10 14:26:03,esp32-001,0.0,748.28,30.0
2025-06-10 14:26:13,esp32-001,0.0,748.28,29.75
2025-06-10 14:26:23,esp32-001,0.0,748.28,30.0
2025-06-10 14:26:33,esp32-001,0.0,748.28,29.75
2025-06-10 14:26:43,esp32-001,0.0,748.28,30.0
2025-06-10 14:26:53,esp32-001,0.0,748.28,30.0
2025-06-10 14:27:03,esp32-001,0.0,748.28,30.25
2025-06-10 14:27:13,esp32-001,0.0,748.28,30.0
2025-06-10 14:27:23,esp32-001,0.0,748.28,30.0
2025-06-10 14:27:33,esp32-001,0.0,748.28,30.25
2025-06-10 14:27:43,esp32-001,0.0,748.28,29.75
2025-06-10 14:27:53,esp32-001,0.0,748.28,30.0
2025-06-10 14:28:04,esp32-001,0.0,748.28,30.25
2025-06-10 14:28:14,esp32-001,0.0,748.28,30.0
2025-06-10 14:28:24,esp32-001,0.0,748.28,29.5
2025-06-11 09:20:29,esp32-001,0.0,-48.28,27.25
2025-06-11 09:20:39,esp32-001,0.0,-48.28,27.25
2025-06-11 09:20:49,esp32-001,0.0,-48.28,26.75
2025-06-11 09:20:59,esp32-001,0.0,-48.28,27.0
2025-06-11 09:21:09,esp32-001,0.0,-48.28,27.0
2025-06-11 09:21:19,esp32-001,0.0,-48.28,27.0
2025-06-11 09:21:29,esp32-001,0.0,-48.28,26.75
2025-06-11 09:21:39,esp32-001,0.0,-48.28,27.0
2025-06-11 09:21:49,esp32-001,0.0,-48.28,27.0
2025-06-11 09:21:59,esp32-001,0.0,-48.28,26.75
2025-06-11 09:22:09,esp32-001,0.0,-48.28,26.5
2025-06-11 09:36:12,esp32-001,0.0,-48.28,25.75
2025-06-11 09:36:22,esp32-001,0.0,-48.28,26.0
2025-06-11 09:36:32,esp32-001,0.0,-48.28,25.5
2025-06-11 09:36:42,esp32-001,0.0,-48.28,25.75
2025-06-11 09:41:02,esp32-001,0.0,44.31,0.0
2025-06-11 09:41:12,esp32-001,0.0,42.56,0.0
2025-06-11 09:49:05,esp32-001,0.0,21.56,0.0
2025-06-11 09:49:15,esp32-001,0.0,26.81,19.0
2025-06-11 09:49:25,esp32-001,0.0,27.2,18.0
2025-06-11 09:49:35,esp32-001,0.0,26.81,16.0
2025-06-11 09:50:25,esp32-001,0.0,-48.28,0.0
2025-06-11 09:50:35,esp32-001,0.0,-48.28,16.0
2025-06-11 09:50:45,esp32-001,0.0,-48.28,16.0
2025-06-11 09:50:55,esp32-001,0.0,-48.28,19.0
2025-06-11 09:51:05,esp32-001,0.0,-48.28,16.0
2025-06-11 09:51:23,esp32-001,0.0,-48.28,0.0
2025-06-11 09:51:33,esp32-001,0.0,27.0,16.0
2025-06-11 09:51:43,esp32-001,0.0,27.0,18.0
2025-06-11 09:51:53,esp32-001,0.0,27.0,16.0
2025-06-11 09:52:03,esp32-001,0.0,27.0,16.0
2025-06-11 09:52:13,esp32-001,0.0,26.42,16.0
2025-06-11 09:52:23,esp32-001,0.0,19.81,16.0
2025-06-11 10:38:17,esp32-001,0.0,29.73,28.5
2025-06-11 10:38:27,esp32-001,0.0,27.0,28.25
2025-06-11 10:39:21,esp32-001,0.0,29.34,0.0
2025-06-11 10:40:36,esp32-001,0.0,26.81,0.0
2025-06-11 10:40:46,esp32-001,0.0,26.81,0.0
2025-06-11 10:41:11,esp32-001,0.0,23.5,0.0
2025-06-11 10:41:21,esp32-001,0.0,27.2,0.0
2025-06-11 10:41:31,esp32-001,0.0,23.7,0.0
2025-06-11 10:41:41,esp32-001,0.0,19.22,0.0
2025-06-11 10:41:51,esp32-001,0.0,27.0,0.0
2025-06-11 10:42:02,esp32-001,0.0,27.2,0.0
2025-06-11 10:42:12,esp32-001,0.0,27.0,0.0
2025-06-11 10:49:18,esp32-001,0.0,27.0,28.0
2025-06-11 10:49:28,esp32-001,0.0,27.0,28.25
2025-06-11 10:49:38,esp32-001,0.0,26.81,29.5
2025-06-11 10:49:48,esp32-001,0.0,27.0,29.0
2025-06-11 10:49:58,esp32-001,0.0,26.22,29.25
2025-06-11 10:50:08,esp32-001,0.0,26.61,29.25
2025-06-11 10:50:18,esp32-001,0.0,26.81,29.0
2025-06-11 10:50:28,esp32-001,0.0,26.81,28.75
2025-06-11 10:50:38,esp32-001,0.0,26.61,28.25
2025-06-11 10:50:48,esp32-001,0.0,26.61,28.5
2025-06-11 10:50:58,esp32-001,0.0,26.61,28.5
2025-06-11 10:51:09,esp32-001,0.0,27.59,28.25
2025-06-11 10:51:19,esp32-001,0.0,26.42,28.0
2025-06-11 10:51:29,esp32-001,0.0,24.47,28.5
2025-06-11 10:51:39,esp32-001,0.0,26.03,28.25
2025-06-11 10:51:49,esp32-001,0.0,27.0,28.0
2025-06-11 10:51:59,esp32-001,0.0,26.61,27.75
2025-06-11 10:52:09,esp32-001,0.0,27.0,28.0
2025-06-11 10:52:19,esp32-001,0.0,26.42,28.0
2025-06-11 10:52:29,esp32-001,0.0,26.61,28.0
2025-06-11 10:52:39,esp32-001,0.0,26.42,28.75
2025-06-11 10:52:49,esp32-001,0.0,26.61,28.75
2025-06-11 10:52:59,esp32-001,0.0,26.81,28.25
2025-06-11 10:53:09,esp32-001,0.0,23.31,28.75
2025-06-11 10:53:19,esp32-001,0.0,23.89,29.0
2025-06-11 10:53:29,esp32-001,0.0,27.39,28.5
2025-06-11 10:53:39,esp32-001,0.0,26.81,29.0
2025-06-11 10:53:49,esp32-001,0.0,26.61,29.25
2025-06-11 10:53:59,esp32-001,0.0,27.0,28.5
2025-06-11 10:54:09,esp32-001,0.0,26.81,29.0
2025-06-11 10:54:19,esp32-001,0.0,24.28,28.25
2025-06-11 10:54:29,esp32-001,0.0,27.0,28.75
2025-06-11 10:54:39,esp32-001,0.0,27.0,28.75
2025-06-11 10:54:49,esp32-001,0.0,27.0,29.0
2025-06-11 10:54:59,esp32-001,0.0,26.81,29.25
2025-06-11 10:55:09,esp32-001,0.0,23.31,29.0
2025-06-11 10:55:19,esp32-001,0.0,26.42,29.0
2025-06-11 10:55:29,esp32-001,0.0,26.61,29.0
2025-06-11 10:55:39,esp32-001,0.0,27.2,29.25
2025-06-11 10:55:49,esp32-001,0.0,26.81,29.25
2025-06-11 10:55:59,esp32-001,0.0,26.81,28.75
2025-06-11 10:56:09,esp32-001,0.0,26.81,29.0
2025-06-11 10:56:19,esp32-001,0.0,27.2,28.75
2025-06-11 10:56:29,esp32-001,0.0,26.61,29.5
2025-06-11 10:56:39,esp32-001,0.0,27.0,29.75
2025-06-11 10:56:49,esp32-001,0.0,27.59,29.25
2025-06-11 10:56:59,esp32-001,0.0,26.81,29.25
2025-06-11 10:57:09,esp32-001,0.0,27.39,29.25
2025-06-11 11:02:59,esp32-001,0.0,30.5,29.0
2025-06-11 11:03:09,esp32-001,0.0,29.73,29.0
2025-06-11 11:03:19,esp32-001,0.0,29.92,29.25
2025-06-11 11:03:29,esp32-001,0.0,30.11,29.25
2025-06-11 11:03:39,esp32-001,0.0,31.28,29.0
2025-06-11 11:03:49,esp32-001,0.0,30.89,29.25
2025-06-11 11:03:59,esp32-001,0.0,31.67,29.25
2025-06-11 11:04:09,esp32-001,0.0,31.67,29.0
2025-06-11 11:04:19,esp32-001,0.0,31.67,29.25
2025-06-11 11:04:29,esp32-001,0.0,30.5,29.75
2025-06-11 11:04:39,esp32-001,0.0,30.7,29.5
2025-06-11 11:04:49,esp32-001,0.0,30.11,29.5
2025-06-11 11:04:59,esp32-001,0.0,29.73,29.0
2025-06-11 11:05:09,esp32-001,0.0,29.53,29.75
2025-06-11 11:05:19,esp32-001,0.0,29.53,29.5
2025-06-11 11:05:29,esp32-001,0.0,29.53,29.75
2025-06-11 11:05:39,esp32-001,0.0,29.34,29.5
2025-06-11 11:05:49,esp32-001,0.0,28.75,29.5
2025-06-11 11:05:59,esp32-001,0.0,28.95,29.75
2025-06-11 11:06:09,esp32-001,0.0,28.36,29.5
2025-06-11 11:06:19,esp32-001,0.0,28.17,30.0
2025-06-11 11:06:29,esp32-001,0.0,28.56,29.75
2025-06-11 11:06:39,esp32-001,0.0,27.78,29.75
2025-06-11 11:06:49,esp32-001,0.0,27.59,30.25
2025-06-11 11:06:59,esp32-001,0.0,27.39,30.0
2025-06-11 11:07:09,esp32-001,0.0,28.17,30.25
2025-06-11 11:07:19,esp32-001,0.0,27.78,30.0
2025-06-11 11:07:29,esp32-001,0.0,24.08,30.25
2025-06-11 11:07:39,esp32-001,0.0,26.81,30.25
2025-06-11 11:07:49,esp32-001,0.0,23.7,30.25
2025-06-11 11:07:59,esp32-001,0.0,27.0,30.5
2025-06-11 11:08:09,esp32-001,0.0,26.42,30.75
2025-06-11 11:08:19,esp32-001,0.0,26.81,30.5
2025-06-11 11:08:29,esp32-001,0.0,26.22,30.75
2025-06-11 11:08:39,esp32-001,0.0,26.61,30.75
2025-06-11 11:08:49,esp32-001,0.0,26.61,30.5
2025-06-11 11:08:59,esp32-001,0.0,26.42,30.75
2025-06-11 11:09:09,esp32-001,0.0,26.81,30.5
2025-06-11 11:09:19,esp32-001,0.0,25.84,30.25
2025-06-11 11:09:29,esp32-001,0.0,27.0,30.25
2025-06-11 11:09:39,esp32-001,0.0,26.61,30.75
2025-06-11 11:09:49,esp32-001,0.0,26.81,30.75
2025-06-11 11:09:59,esp32-001,0.0,27.0,30.75
2025-06-11 11:10:09,esp32-001,0.0,26.61,30.75
2025-06-11 11:10:19,esp32-001,0.0,26.81,30.75
2025-06-11 11:10:29,esp32-001,0.0,26.81,30.5
2025-06-11 11:10:39,esp32-001,0.0,27.0,30.75
2025-06-11 11:10:49,esp32-001,0.0,26.61,30.25
2025-06-11 11:10:59,esp32-001,0.0,26.81,30.75
2025-06-11 11:11:09,esp32-001,0.0,26.42,30.75
2025-06-11 11:11:19,esp32-001,0.0,26.42,31.0
2025-06-11 11:11:29,esp32-001,0.0,26.61,30.75
2025-06-11 11:11:39,esp32-001,0.0,26.22,31.0
2025-06-11 11:11:49,esp32-001,0.0,26.42,31.25
2025-06-11 11:11:59,esp32-001,0.0,26.42,31.25
2025-06-11 11:12:09,esp32-001,0.0,26.81,30.75
2025-06-11 11:12:19,esp32-001,0.0,25.84,31.25
2025-06-11 11:12:29,esp32-001,0.0,26.81,31.0
2025-06-11 11:12:39,esp32-001,0.0,26.22,31.25
2025-06-11 11:12:49,esp32-001,0.0,27.2,31.0
2025-06-11 11:12:59,esp32-001,0.0,26.61,30.75
2025-06-11 11:13:10,esp32-001,0.0,26.61,31.25
2025-06-11 11:13:20,esp32-001,0.0,26.42,30.75
2025-06-11 11:13:30,esp32-001,0.0,27.0,31.25
2025-06-11 11:13:40,esp32-001,0.0,25.45,31.5
2025-06-11 11:13:50,esp32-001,0.0,26.61,30.75
2025-06-11 11:14:00,esp32-001,0.0,27.2,31.25
2025-06-11 11:14:10,esp32-001,0.0,24.28,31.0
2025-06-11 11:14:20,esp32-001,0.0,27.0,31.5
2025-06-11 11:14:30,esp32-001,0.0,25.84,31.25
2025-06-11 11:14:40,esp32-001,0.0,26.81,31.5
2025-06-11 11:14:50,esp32-001,0.0,26.03,30.75
2025-06-11 11:15:00,esp32-001,0.0,27.0,31.5
2025-06-11 11:15:10,esp32-001,0.0,26.81,31.5
2025-06-11 11:15:20,esp32-001,0.0,26.61,31.25
2025-06-11 11:15:30,esp32-001,0.0,26.42,31.75
2025-06-11 11:15:40,esp32-001,0.0,26.22,31.5
2025-06-11 11:15:50,esp32-001,0.0,25.45,31.0
2025-06-11 11:16:00,esp32-001,0.0,26.22,31.25
2025-06-11 11:16:10,esp32-001,0.0,26.42,31.0
2025-06-11 11:16:20,esp32-001,0.0,26.03,31.75
2025-06-11 11:16:30,esp32-001,0.0,26.42,32.0
2025-06-11 11:16:40,esp32-001,0.0,26.42,31.5
2025-06-11 11:16:50,esp32-001,0.0,26.81,31.75
2025-06-11 11:17:00,esp32-001,0.0,27.0,31.5
2025-06-11 11:17:10,esp32-001,0.0,26.42,31.5
2025-06-11 11:17:20,esp32-001,0.0,26.81,31.75
2025-06-11 11:17:30,esp32-001,0.0,26.61,31.25
2025-06-11 11:17:40,esp32-001,0.0,26.61,31.5
2025-06-11 11:17:50,esp32-001,0.0,26.42,31.5
2025-06-11 11:18:00,esp32-001,0.0,27.59,31.25
2025-06-11 11:18:10,esp32-001,0.0,27.2,31.5
2025-06-11 11:18:20,esp32-001,0.0,26.81,31.25
2025-06-11 11:18:30,esp32-001,0.0,23.89,31.75
2025-06-11 11:18:40,esp32-001,0.0,27.0,31.5
2025-06-11 11:18:50,esp32-001,0.0,26.81,31.0
2025-06-11 11:19:00,esp32-001,0.0,26.61,31.5
2025-06-11 11:19:10,esp32-001,0.0,27.39,31.5
2025-06-11 11:19:20,esp32-001,0.0,27.39,31.75
2025-06-11 11:19:30,esp32-001,0.0,26.61,31.0
2025-06-11 11:19:40,esp32-001,0.0,27.0,31.25
2025-06-11 11:19:50,esp32-001,0.0,27.0,31.25
2025-06-11 11:20:00,esp32-001,0.0,27.0,31.25
2025-06-11 11:20:10,esp32-001,0.0,26.61,31.5
2025-06-11 11:20:20,esp32-001,0.0,26.61,31.0
2025-06-11 11:20:37,esp32-001,0.0,27.78,31.25
2025-06-11 11:20:47,esp32-001,0.0,27.0,31.0
2025-06-11 11:20:57,esp32-001,0.0,26.81,31.25
2025-06-11 11:21:07,esp32-001,0.0,27.0,31.5
2025-06-11 11:21:17,esp32-001,0.0,27.0,31.25
2025-06-11 11:21:27,esp32-001,0.0,26.42,30.75
2025-06-11 11:21:37,esp32-001,0.0,26.61,31.25
2025-06-11 11:21:48,esp32-001,0.0,26.61,31.25
2025-06-11 11:22:05,esp32-001,0.0,28.95,31.25
2025-06-11 11:22:15,esp32-001,0.0,26.22,31.25
2025-06-11 11:22:25,esp32-001,0.0,27.59,30.25
2025-06-11 11:53:52,esp32-001,0.0,28.56,25.0
2025-06-11 11:54:02,esp32-001,0.0,26.81,25.75
2025-06-11 11:54:12,esp32-001,0.0,27.0,25.75
2025-06-11 11:54:22,esp32-001,0.0,27.2,25.5
2025-06-11 11:54:32,esp32-001,0.0,26.81,25.75
2025-06-11 11:54:42,esp32-001,0.0,27.0,25.75
2025-06-11 11:54:52,esp32-001,0.0,26.81,25.5
2025-06-11 11:55:02,esp32-001,0.0,28.36,25.5
2025-06-11 11:55:12,esp32-001,0.0,28.56,26.0
2025-06-11 11:55:22,esp32-001,0.0,29.34,26.0
2025-06-11 11:55:32,esp32-001,0.0,29.53,25.75
2025-06-11 11:55:42,esp32-001,0.0,29.73,26.25
2025-06-11 11:55:52,esp32-001,0.0,29.92,26.25
2025-06-11 11:56:02,esp32-001,0.0,30.5,26.25
2025-06-11 11:56:12,esp32-001,0.0,31.28,26.5
2025-06-11 11:56:22,esp32-001,0.0,30.7,26.5
2025-06-11 11:56:32,esp32-001,0.0,30.89,26.5
2025-06-11 11:56:42,esp32-001,0.0,32.06,26.5
2025-06-11 11:56:52,esp32-001,0.0,32.06,26.5
2025-06-11 11:57:02,esp32-001,0.0,31.87,26.5
2025-06-11 11:57:12,esp32-001,0.0,32.45,27.0
2025-06-11 11:57:22,esp32-001,0.0,29.92,27.0
2025-06-11 11:57:32,esp32-001,0.0,33.03,27.25
2025-06-11 11:57:42,esp32-001,0.0,33.62,26.75
2025-06-11 11:57:52,esp32-001,0.0,30.31,27.0
2025-06-11 11:58:02,esp32-001,0.0,33.81,27.0
2025-06-11 11:58:12,esp32-001,0.0,34.78,27.75
2025-06-11 11:58:22,esp32-001,0.0,34.78,27.25
2025-06-11 11:58:32,esp32-001,0.0,34.78,27.5
2025-06-11 11:58:43,esp32-001,0.0,35.56,27.25
2025-06-11 11:59:58,esp32-001,0.0,29.14,29.0
2025-06-11 12:00:08,esp32-001,0.0,29.34,28.5
2025-06-11 12:00:18,esp32-001,0.0,28.95,29.25
2025-06-11 12:00:28,esp32-001,0.0,28.36,29.25
2025-06-11 12:00:38,esp32-001,0.0,27.59,29.25
2025-06-11 12:00:48,esp32-001,0.0,27.39,29.25
2025-06-11 12:00:58,esp32-001,0.0,27.59,28.75
2025-06-11 12:01:08,esp32-001,0.0,26.61,29.5
2025-06-11 12:01:18,esp32-001,0.0,26.61,29.5
2025-06-11 12:01:28,esp32-001,0.0,26.42,29.25
2025-06-11 12:01:38,esp32-001,0.0,26.42,29.5
2025-06-11 12:01:48,esp32-001,0.0,26.61,30.0
2025-06-11 12:01:58,esp32-001,0.0,26.61,30.25
2025-06-11 12:02:08,esp32-001,0.0,26.03,30.5
2025-06-11 12:02:18,esp32-001,0.0,26.22,30.25
2025-06-11 12:02:28,esp32-001,0.0,23.31,30.75
2025-06-11 12:02:38,esp32-001,0.0,26.03,30.5
2025-06-11 12:02:48,esp32-001,0.0,25.84,31.0
2025-06-11 12:02:58,esp32-001,0.0,25.84,31.25
2025-06-11 12:03:08,esp32-001,0.0,25.64,30.5
2025-06-11 12:03:18,esp32-001,0.0,25.45,31.25
2025-06-11 12:03:28,esp32-001,0.0,25.25,31.25
2025-06-11 12:03:38,esp32-001,0.0,25.84,30.75
2025-06-11 12:03:48,esp32-001,0.0,24.67,31.5
2025-06-11 12:03:58,esp32-001,0.0,26.22,31.25
2025-06-11 12:04:08,esp32-001,0.0,25.64,31.5
2025-06-11 12:04:18,esp32-001,0.0,25.84,32.0
2025-06-11 12:04:28,esp32-001,0.0,25.25,31.75
2025-06-11 12:04:38,esp32-001,0.0,25.45,31.75
2025-06-11 12:04:48,esp32-001,0.0,26.22,31.75
2025-06-11 12:04:58,esp32-001,0.0,25.45,31.75
2025-06-11 12:05:08,esp32-001,0.0,23.31,31.5
2025-06-11 12:05:18,esp32-001,0.0,26.03,32.0
2025-06-11 12:05:28,esp32-001,0.0,26.22,32.0
2025-06-11 12:05:38,esp32-001,0.0,25.45,31.75
2025-06-12 08:36:44,esp32-001,0.0,28.56,0.0
2025-06-12 08:36:54,esp32-001,0.0,26.61,0.0
2025-06-12 08:39:12,esp32-001,0.0,28.56,25.75
2025-06-12 08:39:22,esp32-001,0.0,27.0,25.5
2025-06-12 08:39:32,esp32-001,0.0,26.81,0.0
2025-06-12 08:43:25,esp32-001,0.0,26.22,0.0
2025-06-12 08:43:35,esp32-001,0.0,26.42,0.0
2025-06-12 08:43:45,esp32-001,0.0,26.42,0.0
2025-06-12 08:43:55,esp32-001,0.0,26.42,0.0
2025-06-12 08:44:05,esp32-001,0.0,27.0,28.5
2025-06-12 08:44:15,esp32-001,0.0,26.42,31.25
2025-06-12 08:44:25,esp32-001,0.0,26.61,0.0
2025-06-12 08:44:35,esp32-001,0.0,26.22,0.0
2025-06-12 08:44:45,esp32-001,0.0,26.42,0.0
2025-06-12 08:54:06,esp32-001,0.0,26.81,0.0
2025-06-12 08:54:16,esp32-001,0.0,26.42,0.0
2025-06-12 08:54:26,esp32-001,0.0,26.81,0.0
2025-06-12 08:54:36,esp32-001,0.0,27.0,0.0
2025-06-12 08:54:46,esp32-001,0.0,23.7,0.0
2025-06-12 08:54:56,esp32-001,0.0,27.39,0.0
2025-06-12 09:07:55,esp32-001,0.0,26.81,26.0
2025-06-12 09:08:05,esp32-001,0.0,26.81,26.25
2025-06-12 09:08:15,esp32-001,0.0,25.45,26.5
2025-06-12 09:08:25,esp32-001,0.0,26.81,26.0
2025-06-12 09:08:35,esp32-001,0.0,26.42,25.75
2025-06-12 09:08:45,esp32-001,0.0,27.39,26.0
2025-06-12 09:08:55,esp32-001,0.0,26.61,25.25
2025-06-12 09:09:05,esp32-001,0.0,28.36,26.5
2025-06-12 09:09:15,esp32-001,0.0,27.0,26.25
2025-06-12 09:09:25,esp32-001,0.0,26.61,26.25
2025-06-12 09:09:35,esp32-001,0.0,23.5,25.75
2025-06-12 09:09:45,esp32-001,0.0,27.0,26.5
2025-06-12 09:09:55,esp32-001,0.0,26.81,25.75
2025-06-12 09:10:05,esp32-001,0.0,27.0,26.25
2025-06-12 09:10:15,esp32-001,0.0,27.2,26.0
2025-06-12 09:10:25,esp32-001,0.0,26.61,26.0
2025-06-12 09:10:35,esp32-001,0.0,26.61,25.75
2025-06-12 09:10:45,esp32-001,0.0,26.81,26.25
2025-06-12 09:10:55,esp32-001,0.0,26.42,26.25
2025-06-12 09:11:05,esp32-001,0.0,26.61,26.0
2025-06-12 09:11:15,esp32-001,0.0,26.81,26.0
2025-06-12 09:11:25,esp32-001,0.0,26.42,26.0
2025-06-12 09:11:35,esp32-001,0.0,26.61,26.25
2025-06-12 09:11:45,esp32-001,0.0,27.39,26.25
2025-06-12 09:11:55,esp32-001,0.0,26.42,26.0
2025-06-12 09:12:05,esp32-001,0.0,26.81,25.75
2025-06-12 09:12:15,esp32-001,0.0,26.42,26.25
2025-06-12 09:12:25,esp32-001,0.0,26.61,26.25
2025-06-12 09:12:35,esp32-001,0.0,26.81,26.0
2025-06-12 09:12:45,esp32-001,0.0,24.28,26.25
2025-06-12 09:12:55,esp32-001,0.0,26.42,26.0
2025-06-12 09:13:05,esp32-001,0.0,23.89,26.25
2025-06-12 09:13:15,esp32-001,0.0,23.31,26.0
2025-06-12 09:13:25,esp32-001,0.0,23.89,25.75
2025-06-12 09:13:35,esp32-001,0.0,26.81,25.5
2025-06-12 09:13:45,esp32-001,0.0,24.28,26.0
2025-06-12 09:13:55,esp32-001,0.0,27.0,25.75
2025-06-12 09:14:05,esp32-001,0.0,27.78,26.0
2025-06-12 09:14:15,esp32-001,0.0,25.45,26.0
2025-06-12 09:14:25,esp32-001,0.0,28.56,26.0
2025-06-12 09:14:35,esp32-001,0.0,28.95,26.0
2025-06-12 09:14:45,esp32-001,0.0,26.42,25.75
2025-06-12 09:14:55,esp32-001,0.0,29.53,26.25
2025-06-12 09:15:05,esp32-001,0.0,29.53,26.0
2025-06-12 09:15:15,esp32-001,0.0,29.92,25.5
2025-06-12 09:15:25,esp32-001,0.0,27.78,26.25
2025-06-12 09:15:36,esp32-001,0.0,28.17,26.25
2025-06-12 09:15:46,esp32-001,0.0,30.5,26.0
2025-06-12 09:15:56,esp32-001,0.0,30.89,26.75
2025-06-12 09:16:06,esp32-001,0.0,31.28,26.0
2025-06-12 09:16:16,esp32-001,0.0,27.78,26.75
2025-06-12 09:16:26,esp32-001,0.0,33.23,26.75
2025-06-12 09:16:36,esp32-001,0.0,33.23,26.25
2025-06-12 09:16:46,esp32-001,0.0,30.7,26.5
2025-06-12 09:16:56,esp32-001,0.0,34.2,27.0
2025-06-12 09:17:06,esp32-001,0.0,31.67,26.5
2025-06-12 09:17:16,esp32-001,0.0,31.48,26.25
2025-06-12 09:17:26,esp32-001,0.0,34.39,26.25
2025-06-12 09:17:36,esp32-001,0.0,35.17,26.25
2025-06-12 09:17:46,esp32-001,0.0,35.56,26.5
2025-06-12 09:22:36,esp32-001,0.0,26.61,27.75
2025-06-12 09:22:46,esp32-001,0.0,26.81,27.75
2025-06-12 09:22:56,esp32-001,0.0,20.78,27.5
2025-06-12 09:23:07,esp32-001,0.0,28.17,27.75
2025-06-12 09:23:17,esp32-001,0.0,27.0,27.5
2025-06-12 09:23:27,esp32-001,0.0,26.81,27.5
2025-06-12 09:23:37,esp32-001,0.0,27.39,28.25
2025-06-12 09:23:47,esp32-001,0.0,28.17,28.0
2025-06-12 09:23:57,esp32-001,0.0,26.61,28.5
2025-06-12 09:24:07,esp32-001,0.0,27.39,27.75
2025-06-12 09:24:17,esp32-001,0.0,26.61,28.25
2025-06-12 09:24:27,esp32-001,0.0,27.0,27.75
2025-06-12 09:24:37,esp32-001,0.0,19.22,28.25
2025-06-12 09:24:47,esp32-001,0.0,18.44,28.25
2025-06-12 09:24:57,esp32-001,0.0,26.81,28.25
2025-06-12 09:25:07,esp32-001,0.0,23.31,28.25
2025-06-12 09:25:17,esp32-001,0.0,22.33,28.25
2025-06-12 09:25:27,esp32-001,0.0,27.59,28.5
2025-06-12 09:25:37,esp32-001,0.0,26.81,28.25
2025-06-12 09:25:47,esp32-001,0.0,27.0,28.5
2025-06-12 09:25:57,esp32-001,0.0,27.59,28.0
2025-06-12 09:26:07,esp32-001,0.0,27.0,28.5
2025-06-12 09:26:17,esp32-001,0.0,27.39,28.25
2025-06-12 09:26:27,esp32-001,0.0,27.0,28.75
2025-06-12 09:26:37,esp32-001,0.0,23.89,28.75
2025-06-12 09:26:47,esp32-001,0.0,27.0,28.0
2025-06-12 09:26:57,esp32-001,0.0,26.22,28.25
2025-06-12 09:27:07,esp32-001,0.0,23.31,28.0
2025-06-12 09:27:17,esp32-001,0.0,24.28,28.5
2025-06-12 09:27:27,esp32-001,0.0,26.61,28.25
2025-06-12 09:27:37,esp32-001,0.0,26.81,28.5
2025-06-12 09:27:47,esp32-001,0.0,19.61,28.5
2025-06-12 09:27:57,esp32-001,0.0,27.0,29.0
2025-06-12 09:28:07,esp32-001,0.0,27.78,28.25
2025-06-12 09:28:17,esp32-001,0.0,26.81,28.75
2025-06-12 09:28:27,esp32-001,0.0,26.81,29.0
2025-06-12 09:28:37,esp32-001,0.0,27.39,28.75
2025-06-12 09:28:47,esp32-001,0.0,27.59,28.75
2025-06-12 09:28:57,esp32-001,0.0,23.31,29.0
2025-06-12 10:03:10,esp32-001,0.0,23.31,26.0
2025-06-12 10:03:20,esp32-001,0.0,25.06,26.0
2025-06-12 10:03:30,esp32-001,0.0,25.45,26.25
2025-06-12 10:03:40,esp32-001,0.0,25.25,26.0
2025-06-12 10:03:50,esp32-001,0.0,25.25,26.0
2025-06-12 10:04:00,esp32-001,0.0,26.22,26.25
2025-06-12 10:04:10,esp32-001,0.0,26.22,26.25
2025-06-12 10:04:20,esp32-001,0.0,23.31,26.25
2025-06-12 10:04:30,esp32-001,0.0,26.42,25.75
2025-06-12 10:04:40,esp32-001,0.0,27.59,26.5
2025-06-12 10:25:27,esp32-001,0.0,26.61,26.25
2025-06-12 10:25:37,esp32-001,0.0,26.42,26.0
2025-06-12 10:25:47,esp32-001,0.0,26.61,25.5
2025-06-12 10:25:57,esp32-001,0.0,26.42,25.75
2025-06-12 10:26:07,esp32-001,0.0,26.42,25.5
2025-06-12 10:26:17,esp32-001,0.0,26.42,25.5
2025-06-12 10:26:27,esp32-001,0.0,26.61,24.75
2025-06-12 10:26:37,esp32-001,0.0,26.42,25.25
2025-06-12 10:26:47,esp32-001,0.0,26.81,24.75
2025-06-12 10:26:57,esp32-001,0.0,26.42,24.25
2025-06-12 10:27:07,esp32-001,0.0,26.42,24.5
2025-06-12 10:29:48,esp32-001,0.0,23.31,23.25
2025-06-12 10:29:58,esp32-001,0.0,26.42,23.25
2025-06-12 10:30:08,esp32-001,0.0,23.7,23.25
2025-06-12 10:30:18,esp32-001,0.0,26.42,23.25
2025-06-12 10:30:28,esp32-001,0.0,26.42,23.0
2025-06-12 10:30:38,esp32-001,0.0,26.42,23.25
2025-06-12 10:32:10,esp32-001,0.0,29.53,23.0
2025-06-12 10:32:20,esp32-001,0.0,26.42,22.25
2025-06-12 10:33:39,esp32-001,0.0,25.64,22.25
2025-06-12 10:33:49,esp32-001,0.0,26.42,22.0
2025-06-12 10:33:59,esp32-001,0.0,26.42,22.5
2025-06-12 10:34:09,esp32-001,0.0,23.5,22.25
2025-06-12 10:34:19,esp32-001,0.0,26.42,22.5
2025-06-12 10:34:29,esp32-001,0.0,26.22,22.5
2025-06-12 10:34:39,esp32-001,0.0,26.42,22.0
2025-06-12 10:34:49,esp32-001,0.0,26.42,22.25
2025-06-12 10:34:59,esp32-001,0.0,26.42,21.75
2025-06-12 10:35:09,esp32-001,0.0,26.42,22.75
2025-06-12 10:35:19,esp32-001,0.0,26.42,22.5
2025-06-12 10:35:29,esp32-001,0.0,26.42,22.5
2025-06-12 10:35:39,esp32-001,0.0,26.42,22.25
2025-06-12 10:35:49,esp32-001,0.0,27.59,22.5
2025-06-12 10:35:59,esp32-001,0.0,23.89,22.0
2025-06-12 10:36:09,esp32-001,0.0,23.89,22.25
2025-06-12 10:36:19,esp32-001,0.0,26.61,22.25
2025-06-12 10:36:29,esp32-001,0.0,26.61,22.5
2025-06-12 10:36:39,esp32-001,0.0,26.81,22.5
2025-06-12 10:40:10,esp32-001,0.0,26.03,22.5
2025-06-12 10:40:20,esp32-001,0.0,26.42,22.25
2025-06-12 10:40:30,esp32-001,0.0,27.2,22.5
2025-06-12 10:40:40,esp32-001,0.0,25.84,22.25
2025-06-12 10:40:50,esp32-001,0.0,26.61,22.0
2025-06-12 10:41:00,esp32-001,0.0,27.0,22.25
2025-06-12 10:41:10,esp32-001,0.0,27.2,21.75
2025-06-12 10:41:20,esp32-001,0.0,26.22,22.5
2025-06-12 10:41:30,esp32-001,0.0,26.42,22.0
2025-06-12 10:41:40,esp32-001,0.0,26.61,22.25
2025-06-12 10:41:50,esp32-001,0.0,26.42,22.5
2025-06-12 10:42:00,esp32-001,0.0,27.0,22.5
2025-06-12 10:42:10,esp32-001,0.0,26.42,21.75
2025-06-12 10:42:20,esp32-001,0.0,26.42,22.0
2025-06-12 10:42:30,esp32-001,0.0,26.42,22.25
2025-06-12 10:42:40,esp32-001,0.0,26.22,22.0
2025-06-12 10:42:50,esp32-001,0.0,26.81,22.5
2025-06-12 10:43:00,esp32-001,0.0,23.89,22.5
2025-06-12 10:43:10,esp32-001,0.0,26.42,22.25
2025-06-12 10:43:20,esp32-001,0.0,27.0,22.0
2025-06-12 10:43:30,esp32-001,0.0,26.81,22.25
2025-06-12 10:43:40,esp32-001,0.0,27.0,22.5
2025-06-12 10:43:50,esp32-001,0.0,27.0,22.25
2025-06-12 10:44:00,esp32-001,0.0,27.2,22.5
2025-06-12 10:44:10,esp32-001,0.0,26.81,22.75
2025-06-12 10:44:20,esp32-001,0.0,27.2,22.0
2025-06-12 10:44:30,esp32-001,0.0,26.42,22.25
2025-06-12 10:44:40,esp32-001,0.0,26.42,22.25
2025-06-12 10:44:50,esp32-001,0.0,26.61,22.5
2025-06-12 10:45:00,esp32-001,0.0,26.42,22.75
2025-06-12 10:45:10,esp32-001,0.0,26.61,22.5
2025-06-12 10:45:20,esp32-001,0.0,26.61,22.5
2025-06-12 10:45:30,esp32-001,0.0,26.61,22.25
2025-06-12 10:45:40,esp32-001,0.0,26.42,22.25
2025-06-12 10:45:50,esp32-001,0.0,26.61,22.5
2025-06-12 10:46:00,esp32-001,0.0,26.22,22.5
2025-06-12 10:46:10,esp32-001,0.0,26.81,22.25
2025-06-12 10:46:20,esp32-001,0.0,26.42,22.25
2025-06-12 10:46:30,esp32-001,0.0,26.42,22.25
2025-06-12 10:46:40,esp32-001,0.0,26.42,22.5
2025-06-12 10:46:50,esp32-001,0.0,26.42,22.25
2025-06-12 10:47:00,esp32-001,0.0,27.0,22.5
2025-06-12 10:47:10,esp32-001,0.0,26.42,22.0
2025-06-12 10:47:20,esp32-001,0.0,26.61,22.75
2025-06-12 10:47:30,esp32-001,0.0,27.0,22.75
2025-06-12 10:47:40,esp32-001,0.0,26.61,22.75
2025-06-12 10:47:50,esp32-001,0.0,26.42,23.0
2025-06-12 10:48:01,esp32-001,0.0,26.42,23.25
2025-06-12 10:48:11,esp32-001,0.0,26.61,23.5
2025-06-12 10:54:34,esp32-001,0.0,26.03,25.25
2025-06-12 10:54:44,esp32-001,0.0,26.03,24.75
2025-06-12 10:56:33,esp32-001,0.0,26.22,25.5
2025-06-12 10:56:43,esp32-001,0.0,26.42,25.5
2025-06-12 10:56:53,esp32-001,0.0,26.42,25.5
2025-06-12 10:57:03,esp32-001,0.0,26.81,25.5
2025-06-12 10:57:13,esp32-001,0.0,26.22,25.25
2025-06-12 10:57:23,esp32-001,0.0,26.22,25.5
2025-06-12 10:57:33,esp32-001,0.0,26.61,25.25
2025-06-12 10:57:43,esp32-001,0.0,26.61,25.75
2025-06-12 10:57:53,esp32-001,0.0,23.31,25.25
2025-06-12 10:58:03,esp32-001,0.0,26.61,25.5
2025-06-12 10:58:13,esp32-001,0.0,26.42,25.5
2025-06-12 10:58:23,esp32-001,0.0,26.81,25.75
2025-06-12 10:58:33,esp32-001,0.0,26.61,25.75
2025-06-12 10:58:43,esp32-001,0.0,26.42,25.5
2025-06-12 10:58:53,esp32-001,0.0,26.42,25.75
2025-06-12 10:59:03,esp32-001,0.0,26.22,25.75
2025-06-12 10:59:13,esp32-001,0.0,26.42,25.25
2025-06-12 10:59:23,esp32-001,0.0,26.42,25.75
2025-06-12 10:59:33,esp32-001,0.0,26.42,25.75
2025-06-12 10:59:43,esp32-001,0.0,26.42,25.75
2025-06-12 10:59:53,esp32-001,0.0,26.42,25.75
2025-06-12 11:00:03,esp32-001,0.0,26.42,25.5
2025-06-12 11:00:13,esp32-001,0.0,26.61,26.0
2025-06-12 11:00:23,esp32-001,0.0,26.42,25.75
2025-06-12 11:00:33,esp32-001,0.0,26.42,26.0
2025-06-12 11:00:43,esp32-001,0.0,26.42,25.0
2025-06-12 11:00:54,esp32-001,0.0,26.42,25.75
2025-06-12 11:01:04,esp32-001,0.0,26.03,25.75
2025-06-12 11:01:14,esp32-001,0.0,26.42,26.0
2025-06-12 11:01:24,esp32-001,0.0,26.42,26.0
2025-06-12 11:01:34,esp32-001,0.0,26.42,26.0
2025-06-12 11:01:44,esp32-001,0.0,26.42,26.0
2025-06-12 11:01:54,esp32-001,0.0,26.22,25.75
2025-06-12 11:02:04,esp32-001,0.0,26.03,26.25
2025-06-12 11:02:14,esp32-001,0.0,26.42,25.25
2025-06-12 11:02:24,esp32-001,0.0,23.7,25.75
2025-06-12 11:02:34,esp32-001,0.0,26.42,26.0
2025-06-12 11:02:44,esp32-001,0.0,26.22,25.5
2025-06-12 11:02:54,esp32-001,0.0,26.42,26.0
2025-06-12 11:03:04,esp32-001,0.0,26.61,25.75
2025-06-12 11:03:14,esp32-001,0.0,26.42,26.0
2025-06-12 11:03:24,esp32-001,0.0,23.31,26.0
2025-06-12 11:03:34,esp32-001,0.0,25.84,25.75
2025-06-12 11:03:44,esp32-001,0.0,26.42,26.25
2025-06-12 11:03:54,esp32-001,0.0,26.22,26.25
2025-06-12 11:04:04,esp32-001,0.0,26.42,26.0
2025-06-12 11:04:14,esp32-001,0.0,25.45,25.75
2025-06-12 11:04:24,esp32-001,0.0,26.42,26.25
2025-06-12 11:04:34,esp32-001,0.0,26.42,25.75
2025-06-12 11:04:44,esp32-001,0.0,26.42,26.5
2025-06-12 11:04:54,esp32-001,0.0,24.08,26.5
2025-06-12 11:05:04,esp32-001,0.0,26.42,26.0
2025-06-12 11:05:14,esp32-001,0.0,23.7,26.25
2025-06-12 11:05:24,esp32-001,0.0,26.22,26.25
2025-06-12 11:05:34,esp32-001,0.0,25.84,26.5
2025-06-12 11:05:44,esp32-001,0.0,26.22,26.25
2025-06-12 11:05:54,esp32-001,0.0,25.25,26.25
2025-06-12 11:06:04,esp32-001,0.0,26.22,26.0
2025-06-12 11:06:14,esp32-001,0.0,23.31,26.25
2025-06-12 11:06:24,esp32-001,0.0,26.42,26.5
2025-06-12 11:06:34,esp32-001,0.0,26.03,26.25
2025-06-12 11:06:44,esp32-001,0.0,25.25,26.5
2025-06-12 11:10:45,esp32-001,0.0,26.61,26.75
2025-06-12 11:10:55,esp32-001,0.0,25.84,27.0
2025-06-12 11:11:05,esp32-001,0.0,26.22,26.0
2025-06-12 11:11:15,esp32-001,0.0,26.42,27.0
2025-06-12 11:11:25,esp32-001,0.0,26.81,26.5
2025-06-12 11:11:35,esp32-001,0.0,26.42,26.5
2025-06-12 11:11:45,esp32-001,0.0,26.42,26.5
2025-06-12 11:11:55,esp32-001,0.0,26.81,26.75
2025-06-12 11:12:05,esp32-001,0.0,26.81,26.75
2025-06-12 11:12:15,esp32-001,0.0,25.84,26.25
2025-06-12 11:12:25,esp32-001,0.0,26.42,26.75
2025-06-12 11:12:35,esp32-001,0.0,26.03,27.0
2025-06-12 11:12:45,esp32-001,0.0,26.42,26.75
2025-06-12 11:12:55,esp32-001,0.0,26.42,26.5
2025-06-12 11:13:05,esp32-001,0.0,26.42,27.0
2025-06-12 11:13:42,esp32-001,0.0,28.17,26.25
2025-06-12 11:13:52,esp32-001,0.0,26.81,26.5
2025-06-12 11:14:02,esp32-001,0.0,26.61,27.0
2025-06-12 11:14:12,esp32-001,0.0,24.08,26.75
2025-06-12 11:14:22,esp32-001,0.0,26.61,27.0
2025-06-12 11:14:32,esp32-001,0.0,26.61,27.0
2025-06-12 11:14:42,esp32-001,0.0,26.42,27.0
2025-06-12 11:14:52,esp32-001,0.0,27.0,27.0
2025-06-12 11:15:02,esp32-001,0.0,24.47,27.0
2025-06-12 11:15:12,esp32-001,0.0,26.42,27.0
2025-06-12 11:15:22,esp32-001,0.0,29.53,26.5
2025-06-12 11:28:35,esp32-001,0.0,8.91,0.0
2025-06-12 11:28:45,esp32-001,0.0,26.03,0.0
2025-06-12 11:28:55,esp32-001,0.0,23.31,0.0
2025-06-12 11:29:05,esp32-001,0.0,26.22,29.75
2025-06-12 11:29:15,esp32-001,0.0,26.81,30.0
2025-06-12 11:29:25,esp32-001,0.0,26.81,0.0
2025-06-12 11:29:35,esp32-001,0.0,26.42,0.0
2025-06-12 11:29:45,esp32-001,0.0,26.42,0.0
2025-06-12 11:29:55,esp32-001,0.0,26.42,0.0
2025-06-12 11:30:05,esp32-001,0.0,26.42,0.0
2025-06-12 11:30:15,esp32-001,0.0,26.22,0.0
2025-06-12 11:30:25,esp32-001,0.0,26.42,0.0
2025-06-12 11:30:35,esp32-001,0.0,26.42,0.0
2025-06-12 11:30:45,esp32-001,0.0,26.42,0.0
2025-06-12 11:30:55,esp32-001,0.0,26.61,0.0
2025-06-12 11:31:05,esp32-001,0.0,26.22,0.0
2025-06-12 11:31:15,esp32-001,0.0,26.42,0.0
2025-06-12 11:31:25,esp32-001,0.0,26.42,0.0
2025-06-12 11:31:36,esp32-001,0.0,26.42,0.0
2025-06-12 11:31:46,esp32-001,0.0,26.81,0.0
2025-06-12 11:31:56,esp32-001,0.0,26.42,0.0
2025-06-12 11:32:06,esp32-001,0.0,26.42,0.0
2025-06-12 11:32:16,esp32-001,0.0,26.81,0.0
2025-06-12 11:32:26,esp32-001,0.0,26.42,0.0
2025-06-12 11:32:36,esp32-001,0.0,26.03,0.0
2025-06-12 11:32:46,esp32-001,0.0,26.22,0.0
2025-06-12 11:32:56,esp32-001,0.0,26.42,0.0
2025-06-12 11:33:06,esp32-001,0.0,26.22,0.0
2025-06-12 11:33:16,esp32-001,0.0,26.61,0.0
2025-06-12 11:33:26,esp32-001,0.0,26.42,0.0
2025-06-12 11:33:36,esp32-001,0.0,26.42,0.0
2025-06-12 11:33:46,esp32-001,0.0,26.42,0.0
2025-06-12 11:38:36,esp32-001,0.0,23.7,0.0
2025-06-12 11:38:46,esp32-001,0.0,26.03,0.0
2025-06-12 11:38:56,esp32-001,0.0,25.84,0.0
2025-06-12 11:39:06,esp32-001,0.0,23.11,0.0
2025-06-12 11:39:16,esp32-001,0.0,26.42,0.0
2025-06-12 11:39:26,esp32-001,0.0,26.03,0.0
2025-06-12 11:40:09,esp32-001,0.0,25.06,0.0
2025-06-12 11:40:19,esp32-001,0.0,25.84,0.0
2025-06-12 11:40:29,esp32-001,0.0,26.22,0.0
2025-06-12 11:40:39,esp32-001,0.0,25.45,0.0
2025-06-12 11:40:49,esp32-001,0.0,25.45,0.0
2025-06-12 11:40:59,esp32-001,0.0,25.45,0.0
2025-06-12 11:41:09,esp32-001,0.0,26.61,0.0
2025-06-12 11:41:19,esp32-001,0.0,26.03,0.0
2025-06-12 11:41:29,esp32-001,0.0,26.22,0.0
2025-06-12 11:41:39,esp32-001,0.0,25.64,0.0
2025-06-12 11:41:49,esp32-001,0.0,26.42,0.0
2025-06-12 11:41:59,esp32-001,0.0,26.42,0.0
2025-06-12 11:42:09,esp32-001,0.0,22.92,0.0
2025-06-12 11:42:19,esp32-001,0.0,26.42,0.0
2025-06-12 11:42:29,esp32-001,0.0,26.42,0.0
2025-06-12 11:42:39,esp32-001,0.0,26.03,24.75
2025-06-12 11:42:49,esp32-001,0.0,26.22,24.25
2025-06-12 11:42:59,esp32-001,0.0,26.22,24.5
2025-06-12 11:43:09,esp32-001,0.0,23.31,24.5
2025-06-12 11:43:19,esp32-001,0.0,26.42,24.75
2025-06-12 11:43:29,esp32-001,0.0,25.45,24.5
2025-06-12 11:43:39,esp32-001,0.0,25.84,24.75
2025-06-12 11:43:49,esp32-001,0.0,23.31,24.0
2025-06-12 11:43:59,esp32-001,0.0,26.22,24.25
2025-06-12 11:44:09,esp32-001,0.0,26.22,24.5
2025-06-12 11:44:19,esp32-001,0.0,26.61,24.25
2025-06-12 11:44:29,esp32-001,0.0,26.42,23.75
2025-06-12 11:44:39,esp32-001,0.0,26.42,23.25
2025-06-12 11:44:49,esp32-001,0.0,26.22,24.0
2025-06-12 11:44:59,esp32-001,0.0,26.22,24.0
2025-06-12 11:45:09,esp32-001,0.0,26.42,23.25
2025-06-12 11:45:19,esp32-001,0.0,26.42,23.75
2025-06-12 11:45:29,esp32-001,0.0,26.22,23.75
2025-06-12 11:45:39,esp32-001,0.0,26.42,23.5
2025-06-12 11:45:49,esp32-001,0.0,26.42,23.5
2025-06-12 11:45:59,esp32-001,0.0,26.42,23.5
2025-06-12 11:46:09,esp32-001,0.0,25.45,23.25
2025-06-12 11:46:19,esp32-001,0.0,26.42,23.5
2025-06-12 11:46:29,esp32-001,0.0,26.42,23.25
2025-06-12 11:46:39,esp32-001,0.0,26.61,23.25
2025-06-12 11:46:49,esp32-001,0.0,23.31,23.25
2025-06-12 11:46:59,esp32-001,0.0,26.42,22.75
2025-06-12 11:47:09,esp32-001,0.0,26.61,22.75
2025-06-12 11:47:19,esp32-001,0.0,26.42,22.5
2025-06-12 11:47:29,esp32-001,0.0,26.22,23.0
2025-06-12 11:47:39,esp32-001,0.0,26.42,22.75
2025-06-12 11:47:49,esp32-001,0.0,23.31,22.5
2025-06-12 11:47:59,esp32-001,0.0,28.36,23.25
2025-06-12 11:48:09,esp32-001,0.0,26.61,23.0
2025-06-12 11:48:19,esp32-001,0.0,26.22,22.5
2025-06-12 11:48:29,esp32-001,0.0,26.22,22.75
2025-06-12 11:48:40,esp32-001,0.0,26.61,22.5
2025-06-12 11:48:50,esp32-001,0.0,26.42,22.75
2025-06-12 11:49:00,esp32-001,0.0,26.61,22.5
2025-06-12 11:49:10,esp32-001,0.0,27.0,22.25
2025-06-12 11:49:20,esp32-001,0.0,26.42,22.75
2025-06-12 11:49:30,esp32-001,0.0,26.42,22.75
2025-06-12 11:49:40,esp32-001,0.0,26.61,22.5
2025-06-12 11:49:50,esp32-001,0.0,26.03,22.25
2025-06-12 11:50:00,esp32-001,0.0,26.42,22.75
2025-06-12 11:50:10,esp32-001,0.0,26.42,22.5
2025-06-12 11:50:20,esp32-001,0.0,26.42,22.0
2025-06-12 11:50:30,esp32-001,0.0,26.42,22.75
2025-06-12 11:50:40,esp32-001,0.0,26.42,22.75
2025-06-12 11:50:50,esp32-001,0.0,26.81,22.25
2025-06-12 11:51:00,esp32-001,0.0,26.42,22.5
2025-06-12 11:51:10,esp32-001,0.0,26.81,22.5
2025-06-12 11:51:20,esp32-001,0.0,26.22,22.5
2025-06-12 11:51:30,esp32-001,0.0,23.31,22.25
2025-06-12 11:51:40,esp32-001,0.0,26.22,22.25
2025-06-12 11:51:50,esp32-001,0.0,26.42,22.5
2025-06-12 11:52:00,esp32-001,0.0,26.22,21.75
2025-06-12 11:52:10,esp32-001,0.0,26.42,22.5
2025-06-12 11:52:20,esp32-001,0.0,26.22,22.5
2025-06-12 11:52:30,esp32-001,0.0,26.61,22.25
2025-06-12 11:52:40,esp32-001,0.0,26.03,22.5
2025-06-12 11:52:50,esp32-001,0.0,26.42,22.5
2025-06-12 11:53:00,esp32-001,0.0,26.22,22.5
2025-06-12 11:53:10,esp32-001,0.0,26.61,22.5
2025-06-12 11:53:20,esp32-001,0.0,26.42,22.0
2025-06-12 11:53:30,esp32-001,0.0,26.61,22.5
2025-06-12 11:53:40,esp32-001,0.0,26.42,22.5
2025-06-12 11:53:50,esp32-001,0.0,26.61,22.5
2025-06-12 11:54:00,esp32-001,0.0,26.81,21.75
2025-06-12 11:54:10,esp32-001,0.0,26.42,22.25
2025-06-12 11:54:20,esp32-001,0.0,26.61,22.25
2025-06-12 11:54:30,esp32-001,0.0,23.7,22.0
2025-06-12 11:54:40,esp32-001,0.0,26.61,22.25
2025-06-12 11:54:50,esp32-001,0.0,26.42,22.25
2025-06-12 11:55:00,esp32-001,0.0,23.31,22.0
2025-06-12 11:55:10,esp32-001,0.0,23.31,22.25
2025-06-12 11:55:20,esp32-001,0.0,26.61,22.25
2025-06-12 11:55:30,esp32-001,0.0,26.42,21.75
2025-06-12 11:55:40,esp32-001,0.0,23.89,22.25
2025-06-12 11:55:50,esp32-001,0.0,26.61,22.5
2025-06-12 11:56:00,esp32-001,0.0,26.22,23.25
2025-06-12 11:56:10,esp32-001,0.0,26.42,22.75
2025-06-12 11:56:20,esp32-001,0.0,26.42,22.5
2025-06-12 11:56:30,esp32-001,0.0,26.42,23.0
2025-06-12 11:56:40,esp32-001,0.0,23.5,23.5
2025-06-12 11:56:50,esp32-001,0.0,26.03,23.5
2025-06-12 11:57:00,esp32-001,0.0,26.61,23.25
2025-06-12 11:57:10,esp32-001,0.0,26.22,23.75
2025-06-12 11:57:20,esp32-001,0.0,26.03,23.75
2025-06-12 11:57:30,esp32-001,0.0,26.42,23.75
2025-06-12 11:57:40,esp32-001,0.0,26.61,23.75
2025-06-12 11:57:50,esp32-001,0.0,26.42,24.25
2025-06-12 11:58:00,esp32-001,0.0,23.7,24.5
2025-06-12 11:58:10,esp32-001,0.0,26.61,24.5
2025-06-12 11:58:20,esp32-001,0.0,26.61,24.75
2025-06-12 11:58:30,esp32-001,0.0,26.42,24.25
2025-06-12 11:58:40,esp32-001,0.0,26.42,24.5
2025-06-12 11:58:50,esp32-001,0.0,26.61,24.75
2025-06-12 11:59:00,esp32-001,0.0,26.42,25.25
2025-06-12 11:59:10,esp32-001,0.0,26.22,24.75
2025-06-12 11:59:20,esp32-001,0.0,23.5,25.0
2025-06-12 11:59:30,esp32-001,0.0,26.42,25.25
2025-06-12 11:59:40,esp32-001,0.0,26.42,25.25
2025-06-12 11:59:50,esp32-001,0.0,26.61,25.25
2025-06-12 12:00:00,esp32-001,0.0,23.31,25.5
2025-06-12 12:00:10,esp32-001,0.0,26.61,25.5
2025-06-12 12:00:20,esp32-001,0.0,26.42,25.25
2025-06-12 12:00:31,esp32-001,0.0,23.5,25.75
2025-06-12 12:00:41,esp32-001,0.0,26.42,25.25
2025-06-12 12:00:51,esp32-001,0.0,26.42,26.0
2025-06-12 12:01:01,esp32-001,0.0,26.61,26.0
2025-06-12 12:01:11,esp32-001,0.0,26.42,26.25
2025-06-12 12:01:21,esp32-001,0.0,26.42,26.0
2025-06-12 12:01:31,esp32-001,0.0,26.42,26.25
2025-06-12 12:01:41,esp32-001,0.0,26.81,26.0
2025-06-12 12:01:51,esp32-001,0.0,26.42,26.5
2025-06-12 12:02:01,esp32-001,0.0,26.42,26.5
2025-06-12 12:02:11,esp32-001,0.0,26.42,26.0
2025-06-12 12:02:21,esp32-001,0.0,26.42,25.75
2025-06-12 12:02:31,esp32-001,0.0,26.61,26.25
2025-06-12 12:02:41,esp32-001,0.0,26.42,26.0
2025-06-12 12:02:51,esp32-001,0.0,26.61,26.75
2025-06-12 12:03:01,esp32-001,0.0,26.81,26.75
2025-06-12 12:03:11,esp32-001,0.0,26.61,26.75
2025-06-12 12:03:21,esp32-001,0.0,26.42,26.75
2025-06-12 12:03:31,esp32-001,0.0,26.42,26.75
2025-06-12 12:03:41,esp32-001,0.0,26.42,26.0
2025-06-12 12:03:51,esp32-001,0.0,25.45,26.75
2025-06-12 12:04:01,esp32-001,0.0,26.42,26.5
2025-06-12 12:04:11,esp32-001,0.0,26.42,26.5
2025-06-12 12:04:21,esp32-001,0.0,25.84,26.75
2025-06-12 12:04:31,esp32-001,0.0,26.42,27.0
2025-06-12 12:04:41,esp32-001,0.0,25.84,26.5
2025-06-12 12:04:51,esp32-001,0.0,26.42,27.25
2025-06-12 12:05:01,esp32-001,0.0,26.03,27.0
2025-06-12 12:05:11,esp32-001,0.0,26.22,27.25
2025-06-12 12:05:21,esp32-001,0.0,26.03,27.0
2025-06-12 12:05:31,esp32-001,0.0,26.03,26.5
2025-06-12 12:05:41,esp32-001,0.0,25.84,26.5
2025-06-12 12:05:51,esp32-001,0.0,25.25,27.25
2025-06-12 12:06:01,esp32-001,0.0,25.64,27.5
2025-06-12 12:06:11,esp32-001,0.0,25.64,27.0
2025-06-12 12:06:21,esp32-001,0.0,25.84,27.25
2025-06-12 12:06:31,esp32-001,0.0,26.22,27.5
2025-06-12 12:06:41,esp32-001,0.0,26.42,27.25
2025-06-12 12:06:51,esp32-001,0.0,26.22,27.0
2025-06-12 12:07:01,esp32-001,0.0,26.03,27.25
2025-06-12 12:07:11,esp32-001,0.0,23.31,27.25
2025-06-12 12:07:21,esp32-001,0.0,25.84,27.25
2025-06-12 12:07:31,esp32-001,0.0,26.42,27.0
2025-06-12 12:07:41,esp32-001,0.0,25.84,27.0
2025-06-12 12:07:51,esp32-001,0.0,25.45,27.0
2025-06-12 12:08:01,esp32-001,0.0,26.22,26.75
2025-06-12 12:08:11,esp32-001,0.0,26.42,27.75
2025-06-12 12:08:21,esp32-001,0.0,26.42,27.5
2025-06-12 12:08:31,esp32-001,0.0,26.03,27.25
2025-06-12 12:08:41,esp32-001,0.0,26.03,27.5
2025-06-12 12:08:51,esp32-001,0.0,26.22,27.5
2025-06-12 12:09:01,esp32-001,0.0,26.42,27.0
2025-06-12 12:09:11,esp32-001,0.0,26.42,27.5
2025-06-12 12:09:21,esp32-001,0.0,26.42,26.75
2025-06-12 12:09:31,esp32-001,0.0,26.42,26.75
2025-06-12 12:09:42,esp32-001,0.0,26.03,27.5
2025-06-12 12:09:52,esp32-001,0.0,26.03,27.5
2025-06-12 12:10:02,esp32-001,0.0,26.61,27.5
2025-06-12 12:10:12,esp32-001,0.0,26.22,28.0
2025-06-12 12:10:22,esp32-001,0.0,26.03,27.75
2025-06-12 12:10:32,esp32-001,0.0,26.42,27.75
2025-06-12 12:10:42,esp32-001,0.0,26.42,27.75
2025-06-12 12:10:52,esp32-001,0.0,26.42,27.75
2025-06-12 12:11:02,esp32-001,0.0,26.42,27.25
2025-06-12 12:11:12,esp32-001,0.0,26.42,27.5
2025-06-12 12:11:22,esp32-001,0.0,26.61,27.75
2025-06-12 12:11:32,esp32-001,0.0,26.03,27.0
2025-06-12 12:11:42,esp32-001,0.0,26.03,27.5
2025-06-12 12:11:52,esp32-001,0.0,26.22,27.75
2025-06-12 12:12:02,esp32-001,0.0,26.22,27.75
2025-06-12 12:12:12,esp32-001,0.0,23.5,27.5
2025-06-12 12:12:22,esp32-001,0.0,26.42,27.75
2025-06-12 12:12:32,esp32-001,0.0,26.61,27.25
2025-06-12 12:12:42,esp32-001,0.0,26.42,27.25
2025-06-12 12:12:52,esp32-001,0.0,26.22,27.5
2025-06-12 12:13:02,esp32-001,0.0,25.84,28.0
2025-06-12 12:13:12,esp32-001,0.0,26.61,27.5
2025-06-12 12:13:22,esp32-001,0.0,26.42,28.0
2025-06-12 12:13:32,esp32-001,0.0,26.61,27.75
2025-06-12 12:13:42,esp32-001,0.0,26.03,27.75
2025-06-12 12:13:52,esp32-001,0.0,26.42,27.5
2025-06-12 12:14:02,esp32-001,0.0,26.03,27.25
2025-06-12 12:14:12,esp32-001,0.0,23.31,27.0
2025-06-12 12:14:22,esp32-001,0.0,26.61,27.75
2025-06-12 12:14:32,esp32-001,0.0,26.61,27.75
2025-06-12 12:14:42,esp32-001,0.0,26.22,27.75
2025-06-12 12:14:52,esp32-001,0.0,25.84,27.75
2025-06-12 12:15:02,esp32-001,0.0,26.61,27.5
2025-06-12 12:15:12,esp32-001,0.0,26.42,28.0
2025-06-12 12:15:22,esp32-001,0.0,26.81,27.75
2025-06-12 12:15:32,esp32-001,0.0,26.61,27.75
2025-06-12 12:15:42,esp32-001,0.0,26.22,27.75
2025-06-12 12:15:52,esp32-001,0.0,26.42,27.75
2025-06-12 12:16:02,esp32-001,0.0,23.5,27.25
2025-06-12 12:16:12,esp32-001,0.0,26.42,27.75
2025-06-12 12:16:22,esp32-001,0.0,26.22,28.0
2025-06-12 12:16:32,esp32-001,0.0,26.42,27.5
2025-06-12 12:16:42,esp32-001,0.0,26.22,28.0
2025-06-12 12:16:52,esp32-001,0.0,26.42,27.75
2025-06-12 12:17:02,esp32-001,0.0,26.42,27.75
2025-06-12 12:17:12,esp32-001,0.0,26.61,27.75
2025-06-12 12:17:22,esp32-001,0.0,26.42,28.0
2025-06-12 12:17:32,esp32-001,0.0,26.22,27.75
2025-06-12 12:17:42,esp32-001,0.0,26.61,27.75
2025-06-12 12:17:52,esp32-001,0.0,23.7,27.5
2025-06-12 12:18:02,esp32-001,0.0,26.22,27.5
2025-06-12 12:18:12,esp32-001,0.0,26.42,27.75
2025-06-12 12:18:22,esp32-001,0.0,26.42,27.5
2025-06-12 12:18:32,esp32-001,0.0,26.42,27.75
2025-06-12 12:18:42,esp32-001,0.0,23.31,28.0
2025-06-12 12:18:52,esp32-001,0.0,26.22,27.75
2025-06-12 12:19:02,esp32-001,0.0,26.03,27.75
2025-06-12 12:19:12,esp32-001,0.0,26.42,28.0
2025-06-12 12:19:22,esp32-001,0.0,26.03,27.5
2025-06-12 12:19:33,esp32-001,0.0,23.11,27.75
2025-06-12 12:19:43,esp32-001,0.0,26.42,27.5
2025-06-12 12:19:53,esp32-001,0.0,26.42,28.25
2025-06-12 12:22:54,esp32-001,0.0,26.42,27.75
2025-06-12 12:23:04,esp32-001,0.0,26.22,28.25
2025-06-12 12:23:14,esp32-001,0.0,26.42,27.75
2025-06-12 12:23:24,esp32-001,0.0,26.42,28.25
2025-06-12 12:23:34,esp32-001,0.0,26.61,28.25
2025-06-12 12:23:44,esp32-001,0.0,23.31,28.0
2025-06-12 12:23:54,esp32-001,0.0,26.42,28.25
2025-06-12 12:24:04,esp32-001,0.0,26.81,27.75
2025-06-12 12:24:14,esp32-001,0.0,27.39,28.0
2025-06-12 12:24:24,esp32-001,0.0,28.17,28.25
2025-06-12 12:24:34,esp32-001,0.0,28.56,28.25
2025-06-12 12:24:44,esp32-001,0.0,28.56,28.25
2025-06-12 12:24:54,esp32-001,0.0,29.53,28.25
2025-06-12 12:25:04,esp32-001,0.0,29.53,28.0
2025-06-12 12:25:14,esp32-001,0.0,30.11,28.25
2025-06-12 12:25:24,esp32-001,0.0,29.53,28.75
2025-06-12 12:25:34,esp32-001,0.0,31.09,28.5
2025-06-12 12:25:44,esp32-001,0.0,30.5,28.75
2025-06-12 12:25:54,esp32-001,0.0,32.25,28.75
2025-06-12 12:26:04,esp32-001,0.0,31.87,29.0
2025-06-12 12:26:14,esp32-001,0.0,33.62,28.75
2025-06-12 12:26:24,esp32-001,0.0,32.84,29.25
2025-06-12 12:26:34,esp32-001,0.0,33.23,29.25
2025-06-12 12:26:44,esp32-001,0.0,33.62,29.75
2025-06-12 12:26:54,esp32-001,0.0,33.81,29.5
2025-06-12 12:27:04,esp32-001,0.0,34.39,29.75
2025-06-12 12:27:14,esp32-001,0.0,35.56,30.0
2025-06-12 12:27:24,esp32-001,0.0,34.39,30.5
2025-06-12 12:27:34,esp32-001,0.0,34.78,30.25
2025-06-12 12:27:44,esp32-001,0.0,35.76,30.5
2025-06-12 12:27:54,esp32-001,0.0,32.45,31.0
2025-06-12 12:28:04,esp32-001,0.0,35.56,31.25
2025-06-12 12:28:14,esp32-001,0.0,35.76,30.75
2025-06-12 12:28:24,esp32-001,0.0,31.28,30.75
2025-06-12 12:28:34,esp32-001,0.0,30.5,31.5
2025-06-12 12:28:44,esp32-001,0.0,32.84,31.75
2025-06-12 12:28:54,esp32-001,0.0,32.25,31.5
2025-06-12 12:29:04,esp32-001,0.0,32.84,31.75
2025-06-12 12:29:14,esp32-001,0.0,32.06,31.75
2025-06-12 12:29:24,esp32-001,0.0,32.25,31.75
2025-06-12 12:29:34,esp32-001,0.0,32.25,31.25
2025-06-12 12:29:44,esp32-001,0.0,31.48,31.5
2025-06-12 12:29:54,esp32-001,0.0,30.31,31.25
2025-06-12 12:30:04,esp32-001,0.0,29.53,31.75
2025-06-12 12:30:14,esp32-001,0.0,27.78,31.75
2025-06-12 12:30:24,esp32-001,0.0,27.2,31.75
2025-06-12 12:30:34,esp32-001,0.0,29.53,32.0
2025-06-12 12:30:44,esp32-001,0.0,29.53,32.0
2025-06-12 12:30:54,esp32-001,0.0,29.34,31.75
2025-06-12 12:31:04,esp32-001,0.0,29.53,32.0
2025-06-12 12:31:14,esp32-001,0.0,29.53,31.5
2025-06-12 12:31:24,esp32-001,0.0,29.53,31.75
2025-06-12 12:31:34,esp32-001,0.0,29.53,31.25
2025-06-12 12:31:44,esp32-001,0.0,28.56,31.5
2025-06-12 12:31:54,esp32-001,0.0,29.34,32.0
2025-06-12 12:32:05,esp32-001,0.0,25.84,31.5
2025-06-12 12:32:15,esp32-001,0.0,28.56,31.5
2025-06-12 12:32:25,esp32-001,0.0,28.75,31.5
2025-06-12 12:32:35,esp32-001,0.0,28.56,32.0
2025-06-12 12:32:45,esp32-001,0.0,28.75,31.5
2025-06-12 12:32:55,esp32-001,0.0,28.56,31.5
2025-06-12 12:33:05,esp32-001,0.0,27.78,31.5
2025-06-12 12:33:15,esp32-001,0.0,28.95,31.25
2025-06-12 12:33:25,esp32-001,0.0,28.56,32.0
2025-06-12 12:33:35,esp32-001,0.0,27.59,32.0
2025-06-12 12:33:45,esp32-001,0.0,27.2,31.75
2025-06-12 12:33:55,esp32-001,0.0,28.17,32.0
2025-06-12 12:34:05,esp32-001,0.0,27.78,32.0
2025-06-12 12:34:15,esp32-001,0.0,27.39,31.75
2025-06-12 12:34:25,esp32-001,0.0,27.2,31.5
2025-06-12 12:34:35,esp32-001,0.0,26.81,31.5
2025-06-12 12:34:45,esp32-001,0.0,27.78,31.75
2025-06-12 12:34:55,esp32-001,0.0,27.39,32.0
2025-06-12 12:35:05,esp32-001,0.0,27.39,32.25
2025-06-12 12:35:15,esp32-001,0.0,26.81,32.0
2025-06-12 12:35:25,esp32-001,0.0,27.39,32.25
2025-06-12 12:35:35,esp32-001,0.0,26.81,32.0
2025-06-12 12:35:45,esp32-001,0.0,27.2,32.25
2025-06-12 12:35:55,esp32-001,0.0,26.61,32.0
2025-06-12 12:36:05,esp32-001,0.0,26.42,32.0
2025-06-12 12:36:15,esp32-001,0.0,27.39,31.75
2025-06-12 12:36:25,esp32-001,0.0,27.0,31.75
2025-06-12 12:36:35,esp32-001,0.0,25.84,32.25
2025-06-12 12:36:45,esp32-001,0.0,23.89,32.25
2025-06-12 12:36:55,esp32-001,0.0,27.0,31.5
2025-06-12 12:37:05,esp32-001,0.0,27.0,32.25
2025-06-12 12:37:15,esp32-001,0.0,26.42,31.5
2025-06-12 12:37:25,esp32-001,0.0,26.81,32.0
2025-06-12 12:37:35,esp32-001,0.0,22.33,31.75
2025-06-12 12:37:45,esp32-001,0.0,26.42,32.25
2025-06-12 12:37:55,esp32-001,0.0,27.39,32.25
2025-06-12 12:38:05,esp32-001,0.0,23.31,32.0
2025-06-12 12:38:15,esp32-001,0.0,26.61,32.0
2025-06-12 12:38:25,esp32-001,0.0,26.61,32.0
2025-06-12 12:38:35,esp32-001,0.0,27.59,31.75
2025-06-12 12:38:45,esp32-001,0.0,27.0,32.5
2025-06-12 12:38:55,esp32-001,0.0,26.61,32.0
2025-06-12 12:39:05,esp32-001,0.0,26.61,32.25
2025-06-12 12:39:15,esp32-001,0.0,26.22,32.25
2025-06-12 12:39:25,esp32-001,0.0,26.22,32.25
2025-06-12 12:39:35,esp32-001,0.0,26.81,32.0
2025-06-12 12:39:45,esp32-001,0.0,26.42,32.0
2025-06-12 12:39:55,esp32-001,0.0,26.42,32.25
2025-06-12 12:40:05,esp32-001,0.0,26.42,31.75
2025-06-12 12:40:15,esp32-001,0.0,26.22,32.5
2025-06-12 12:40:25,esp32-001,0.0,26.03,32.75
2025-06-12 12:40:35,esp32-001,0.0,26.22,32.25
2025-06-12 12:40:45,esp32-001,0.0,26.42,32.25
2025-06-12 12:40:55,esp32-001,0.0,26.03,31.5
2025-06-12 12:41:05,esp32-001,0.0,26.42,32.0
2025-06-12 12:41:15,esp32-001,0.0,25.45,32.0
2025-06-12 12:41:25,esp32-001,0.0,26.42,32.25
2025-06-12 12:41:35,esp32-001,0.0,26.42,32.25
2025-06-12 12:41:45,esp32-001,0.0,25.84,32.0
2025-06-12 12:41:55,esp32-001,0.0,26.22,31.75
2025-06-23 09:38:43,esp32-001,0.0,27.78,24.5
2025-06-23 09:38:53,esp32-001,0.0,29.53,24.0
2025-06-23 09:39:03,esp32-001,0.0,26.42,24.25
2025-06-23 09:39:13,esp32-001,0.0,28.56,24.5
2025-06-23 09:39:23,esp32-001,0.0,26.42,24.0
2025-06-23 09:39:33,esp32-001,0.0,27.78,24.25
2025-06-23 09:39:43,esp32-001,0.0,27.59,24.25
2025-06-23 09:39:53,esp32-001,0.0,26.42,24.5
2025-06-23 09:40:03,esp32-001,0.0,26.42,24.25
2025-06-23 09:40:17,esp32-001,0.0,27.2,24.25
2025-06-23 09:40:27,esp32-001,0.0,26.81,24.0
2025-06-23 09:40:37,esp32-001,0.0,27.0,24.5
2025-06-23 09:40:47,esp32-001,0.0,26.42,24.25
2025-06-23 09:40:57,esp32-001,0.0,26.42,24.0
2025-06-23 09:41:49,esp32-001,0.0,26.03,24.5
2025-06-23 09:41:59,esp32-001,0.0,25.84,0.0
2025-06-23 09:42:33,esp32-001,0.0,23.31,0.0
2025-06-23 09:42:43,esp32-001,0.0,26.03,0.0
2025-06-23 09:42:53,esp32-001,0.0,26.42,24.75
2025-06-23 09:43:03,esp32-001,0.0,26.42,24.25
2025-06-23 09:43:13,esp32-001,0.0,26.03,24.25
2025-06-23 09:56:40,esp32-001,0.0,26.81,24.0
2025-06-23 09:56:50,esp32-001,0.0,26.42,24.25
2025-06-23 09:57:00,esp32-001,0.0,28.36,24.75
2025-06-23 09:57:10,esp32-001,0.0,26.03,24.75
2025-06-23 09:57:20,esp32-001,0.0,29.34,24.5
2025-06-23 09:57:30,esp32-001,0.0,25.84,24.5
2025-06-23 09:57:40,esp32-001,0.0,26.42,24.5
2025-06-23 09:57:50,esp32-001,0.0,26.42,24.5
2025-06-23 09:58:00,esp32-001,0.0,26.03,24.5
2025-06-23 09:58:10,esp32-001,0.0,26.42,24.25
2025-06-23 09:58:20,esp32-001,0.0,26.42,24.25
2025-06-23 09:59:42,esp32-001,0.0,26.22,24.5
2025-06-23 09:59:52,esp32-001,0.0,25.84,24.25
2025-06-23 10:00:02,esp32-001,0.0,29.53,24.25
2025-06-23 10:00:12,esp32-001,0.0,33.23,24.0
2025-06-23 10:00:22,esp32-001,0.0,26.42,24.5
2025-06-23 10:00:32,esp32-001,0.0,29.14,24.5
2025-06-23 10:00:42,esp32-001,0.0,27.59,24.5
2025-06-23 10:00:52,esp32-001,0.0,26.22,24.25
2025-06-23 10:01:02,esp32-001,0.0,33.23,24.25
2025-06-23 10:01:12,esp32-001,0.0,27.0,24.0
2025-06-23 10:01:22,esp32-001,0.0,26.42,24.5
2025-06-23 10:01:32,esp32-001,0.0,32.64,24.25
2025-06-23 10:01:42,esp32-001,0.0,32.25,24.5
2025-06-23 10:01:52,esp32-001,0.0,28.95,24.5
2025-06-23 10:02:02,esp32-001,0.0,26.03,24.0
2025-06-23 10:02:12,esp32-001,0.0,28.56,24.5
2025-06-23 10:02:22,esp32-001,0.0,31.48,24.5
2025-06-23 10:02:32,esp32-001,0.0,29.53,24.0
2025-06-23 10:02:42,esp32-001,0.0,36.34,24.5
2025-06-23 10:02:52,esp32-001,0.0,26.42,24.25
2025-06-23 10:03:02,esp32-001,0.0,24.67,24.0
2025-06-23 11:10:42,esp32-001,0.0,23.5,25.0
2025-06-23 11:10:52,esp32-001,0.0,25.45,24.75
2025-06-23 11:11:02,esp32-001,0.0,25.25,25.0
2025-06-23 11:11:12,esp32-001,0.0,26.22,25.25
2025-06-23 11:11:22,esp32-001,0.0,23.31,25.25
2025-06-23 11:11:32,esp32-001,0.0,25.64,25.25
2025-06-23 11:11:42,esp32-001,0.0,26.03,25.25
2025-06-23 11:11:52,esp32-001,0.0,23.31,25.0
2025-06-23 11:12:02,esp32-001,0.0,26.22,25.25
2025-06-23 11:12:12,esp32-001,0.0,25.45,25.25
2025-06-23 11:12:22,esp32-001,0.0,25.84,24.75
2025-06-23 11:31:05,esp32-001,0.0,26.42,25.5
2025-06-23 11:31:15,esp32-001,0.0,25.45,26.0
2025-06-23 11:31:25,esp32-001,0.0,25.45,25.5
2025-06-23 11:31:35,esp32-001,0.0,22.14,26.0
2025-06-23 11:31:45,esp32-001,0.0,25.84,26.0
2025-06-23 11:31:55,esp32-001,0.0,23.31,26.0
2025-06-23 11:32:05,esp32-001,0.0,25.84,26.0
2025-06-23 11:32:15,esp32-001,0.0,25.45,25.75
2025-06-23 11:32:25,esp32-001,0.0,24.47,25.25
2025-06-23 11:32:35,esp32-001,0.0,25.45,26.0
2025-06-23 11:32:45,esp32-001,0.0,25.84,25.75
2025-06-23 11:32:55,esp32-001,0.0,26.42,26.0
2025-06-23 11:33:05,esp32-001,0.0,26.03,26.0
2025-06-23 11:33:15,esp32-001,0.0,26.03,25.75
2025-06-23 11:33:25,esp32-001,0.0,25.84,26.0
2025-06-23 11:33:35,esp32-001,0.0,25.25,25.5
2025-06-23 11:33:45,esp32-001,0.0,26.03,26.25
2025-06-23 11:42:12,esp32-001,0.0,24.28,26.0
2025-06-23 11:42:22,esp32-001,0.0,25.84,26.0
2025-06-23 11:42:32,esp32-001,0.0,26.03,26.25
2025-06-23 11:42:42,esp32-001,0.0,22.33,25.75
2025-06-23 11:42:52,esp32-001,0.0,25.84,26.0
2025-06-23 11:46:53,esp32-001,0.0,26.03,26.0
2025-06-23 11:47:03,esp32-001,0.0,25.84,26.25
2025-06-23 11:49:50,esp32-001,0.0,23.31,25.5
2025-06-23 11:50:00,esp32-001,0.0,26.42,26.0
2025-06-23 11:50:10,esp32-001,0.0,26.42,26.25
2025-06-23 11:50:20,esp32-001,0.0,26.03,25.75
2025-06-23 11:50:30,esp32-001,0.0,26.03,26.5
2025-06-23 11:50:40,esp32-001,0.0,26.42,25.75
2025-06-23 11:51:41,esp32-001,0.0,26.42,26.25
2025-06-23 11:51:51,esp32-001,0.0,25.64,26.25
2025-06-23 11:52:01,esp32-001,0.0,26.03,26.25
2025-06-23 11:52:11,esp32-001,0.0,26.22,26.25
2025-06-23 11:52:21,esp32-001,0.0,26.42,26.25
2025-06-23 11:52:31,esp32-001,0.0,25.25,26.5
2025-06-23 11:52:41,esp32-001,0.0,23.31,26.25
2025-06-23 11:52:51,esp32-001,0.0,26.22,26.25
2025-06-23 11:53:01,esp32-001,0.0,23.89,26.0
2025-06-23 11:53:11,esp32-001,0.0,26.42,26.0
2025-06-23 11:53:21,esp32-001,0.0,25.64,26.5
2025-06-23 11:53:31,esp32-001,0.0,26.61,25.75
2025-06-23 11:53:41,esp32-001,0.0,26.22,26.25
2025-06-23 11:56:27,esp32-001,0.0,25.25,26.25
2025-06-23 11:56:37,esp32-001,0.0,23.31,26.0
2025-06-23 11:56:47,esp32-001,0.0,26.42,25.75
2025-06-23 11:56:57,esp32-001,0.0,26.42,26.0
2025-06-23 11:57:07,esp32-001,0.0,26.42,26.0
2025-06-23 11:57:17,esp32-001,0.0,26.42,26.0
2025-06-23 11:57:27,esp32-001,0.0,26.42,26.0
2025-06-23 11:57:37,esp32-001,0.0,26.42,26.0
2025-06-23 11:57:47,esp32-001,0.0,26.42,26.0
2025-06-23 11:57:58,esp32-001,0.0,26.42,25.75
2025-06-23 11:58:08,esp32-001,0.0,748.28,26.25
2025-06-23 11:58:18,esp32-001,0.0,-48.28,26.0
2025-06-23 11:58:28,esp32-001,0.0,-48.28,26.5
2025-06-23 11:58:38,esp32-001,0.0,-48.28,26.25
2025-06-23 11:58:48,esp32-001,0.0,-48.28,26.25
2025-06-23 11:59:09,esp32-001,0.0,-48.28,26.25
2025-06-23 11:59:19,esp32-001,0.0,-48.28,26.25
2025-06-23 11:59:29,esp32-001,0.0,-48.28,25.75
2025-06-23 11:59:39,esp32-001,0.0,-48.28,26.25
2025-06-23 11:59:49,esp32-001,0.0,-48.28,25.75
2025-06-23 11:59:59,esp32-001,0.0,-38.55,26.25
2025-06-23 12:00:09,esp32-001,0.0,-48.28,26.25
2025-06-23 12:00:19,esp32-001,0.0,-48.28,26.25
2025-06-23 12:00:29,esp32-001,0.0,-48.28,26.25
2025-06-23 12:00:39,esp32-001,0.0,-48.28,26.25
2025-06-23 12:00:49,esp32-001,0.0,-48.28,26.5
2025-06-23 12:00:59,esp32-001,0.0,-48.28,26.0
2025-06-23 12:01:09,esp32-001,0.0,-48.28,26.5
2025-06-23 12:01:19,esp32-001,0.0,-48.28,26.5
2025-06-23 12:01:29,esp32-001,0.0,-48.28,26.0
2025-06-23 12:01:39,esp32-001,0.0,-48.28,26.75
2025-06-23 12:01:49,esp32-001,0.0,-48.28,26.75
2025-06-23 12:01:59,esp32-001,0.0,-48.28,26.5
2025-06-23 12:02:09,esp32-001,0.0,-48.28,26.75
2025-06-23 12:02:19,esp32-001,0.0,-48.28,26.75
2025-06-23 12:02:29,esp32-001,0.0,-48.28,26.25
2025-06-23 12:02:39,esp32-001,0.0,-48.28,27.25
2025-06-23 12:02:49,esp32-001,0.0,-48.28,26.5
2025-06-23 12:02:59,esp32-001,0.0,-48.28,27.0
2025-06-23 12:03:09,esp32-001,0.0,-48.28,27.0
2025-06-23 12:03:19,esp32-001,0.0,-48.28,27.25
2025-06-23 12:03:29,esp32-001,0.0,-48.28,27.0
2025-06-23 12:03:39,esp32-001,0.0,-48.28,27.0
2025-06-23 12:03:49,esp32-001,0.0,-48.28,27.0
2025-06-23 12:03:59,esp32-001,0.0,-48.28,27.25
2025-06-23 12:04:09,esp32-001,0.0,-48.28,27.25
2025-06-23 12:04:19,esp32-001,0.0,-48.28,27.5
2025-06-23 12:04:29,esp32-001,0.0,-48.28,27.5
2025-06-23 12:04:39,esp32-001,0.0,-48.28,27.5
2025-06-23 12:04:49,esp32-001,0.0,-48.28,27.5
2025-06-23 12:04:59,esp32-001,0.0,-48.28,27.5
2025-06-23 12:05:09,esp32-001,0.0,-48.28,27.5
2025-06-23 12:05:19,esp32-001,0.0,-48.28,27.75
2025-06-23 12:05:29,esp32-001,0.0,-48.28,27.75
2025-06-23 12:05:39,esp32-001,0.0,-48.28,27.5
2025-06-23 12:05:49,esp32-001,0.0,-48.28,27.5
2025-06-23 12:06:00,esp32-001,0.0,-48.28,28.0
2025-06-23 12:06:10,esp32-001,0.0,-48.28,28.0
2025-06-23 12:06:20,esp32-001,0.0,-48.28,28.0
2025-06-23 12:06:30,esp32-001,0.0,-48.28,28.0
2025-06-23 12:06:40,esp32-001,0.0,-48.28,28.25
2025-06-23 12:06:50,esp32-001,0.0,-48.28,28.25
2025-06-23 12:07:00,esp32-001,0.0,-48.28,28.25
2025-06-23 12:07:10,esp32-001,0.0,73.69,28.25
2025-06-23 12:07:20,esp32-001,0.0,-48.28,28.25
2025-06-23 12:07:30,esp32-001,0.0,41.4,28.5
2025-06-23 12:07:40,esp32-001,0.0,-48.28,28.25
2025-06-23 12:07:50,esp32-001,0.0,16.5,28.25
2025-06-23 12:08:00,esp32-001,0.0,-7.23,28.5
2025-06-23 12:08:10,esp32-001,0.0,-48.28,28.0
2025-06-23 12:08:20,esp32-001,0.0,-48.28,28.25
2025-06-23 12:08:30,esp32-001,0.0,-37.77,28.0
2025-06-23 12:08:40,esp32-001,0.0,-48.28,28.0
2025-06-23 12:08:50,esp32-001,0.0,-10.93,28.0
2025-06-23 12:09:00,esp32-001,0.0,-48.28,28.0
2025-06-23 12:09:10,esp32-001,0.0,1.91,27.75
2025-06-23 12:09:20,esp32-001,0.0,-48.28,27.75
2025-06-23 12:09:30,esp32-001,0.0,-3.54,27.5
2025-06-23 12:09:40,esp32-001,0.0,-48.28,28.0
2025-06-23 12:09:50,esp32-001,0.0,-7.82,27.75
2025-06-23 12:10:00,esp32-001,0.0,-48.28,27.75
2025-06-23 12:10:10,esp32-001,0.0,-32.13,27.75
2025-06-23 12:10:20,esp32-001,0.0,-48.28,27.75
2025-06-23 12:10:30,esp32-001,0.0,-22.02,27.75
2025-06-23 12:10:40,esp32-001,0.0,-48.28,27.75
2025-06-23 12:10:50,esp32-001,0.0,-48.28,27.5
2025-06-23 12:11:00,esp32-001,0.0,-48.28,27.75
2025-06-23 12:11:10,esp32-001,0.0,-48.28,27.75
2025-06-23 12:11:20,esp32-001,0.0,-48.28,27.5
2025-06-23 12:11:30,esp32-001,0.0,-48.28,27.75
2025-06-23 12:11:40,esp32-001,0.0,-48.28,27.75
2025-06-23 12:11:50,esp32-001,0.0,-48.28,27.75
2025-06-23 12:12:00,esp32-001,0.0,-48.28,27.5
2025-06-23 12:12:10,esp32-001,0.0,-48.28,27.75
2025-06-23 12:12:20,esp32-001,0.0,-48.28,27.75
2025-06-23 12:12:30,esp32-001,0.0,-48.28,27.5
2025-06-23 12:12:40,esp32-001,0.0,-48.28,27.75
2025-06-23 13:59:52,esp32-001,0.0,-48.28,0.0
2025-06-23 14:00:02,esp32-001,0.0,-48.28,0.0
2025-06-23 14:00:12,esp32-001,0.0,-48.28,0.0
2025-06-23 14:00:22,esp32-001,0.0,-48.28,0.0
2025-06-23 14:00:33,esp32-001,0.0,-48.28,0.0
2025-06-23 14:00:43,esp32-001,0.0,-48.28,0.0
2025-06-23 14:00:53,esp32-001,0.0,-48.28,0.0
2025-06-23 14:01:03,esp32-001,0.0,-48.28,0.0
2025-06-23 14:01:13,esp32-001,0.0,-48.28,0.0
2025-06-23 14:01:23,esp32-001,0.0,-48.28,0.0
2025-06-23 14:01:33,esp32-001,0.0,-48.28,0.0
2025-06-23 14:01:43,esp32-001,0.0,-48.28,0.0
2025-06-23 14:01:53,esp32-001,0.0,-48.28,0.0
2025-06-23 14:02:03,esp32-001,0.0,-48.28,0.0
2025-06-23 14:02:13,esp32-001,0.0,-48.28,0.0
2025-06-23 14:02:23,esp32-001,0.0,-48.28,0.0
2025-06-23 14:02:33,esp32-001,0.0,-48.28,0.0
2025-06-23 14:02:43,esp32-001,0.0,-48.28,0.0
2025-06-23 14:02:53,esp32-001,0.0,-48.28,0.0
2025-06-23 14:03:03,esp32-001,0.0,-48.28,0.0
2025-06-23 14:03:13,esp32-001,0.0,-48.28,0.0
2025-06-23 14:03:23,esp32-001,0.0,-48.28,0.0
2025-06-23 14:03:33,esp32-001,0.0,-48.28,0.0
2025-06-23 14:03:43,esp32-001,0.0,-48.28,0.0
2025-06-23 14:03:53,esp32-001,0.0,-48.28,0.0
2025-06-23 14:04:03,esp32-001,0.0,-48.28,0.0
2025-06-23 14:04:13,esp32-001,0.0,-48.28,0.0
2025-06-23 14:04:23,esp32-001,0.0,-48.28,0.0
2025-06-23 14:04:33,esp32-001,0.0,-48.28,0.0
2025-06-23 14:04:43,esp32-001,0.0,-48.28,0.0
2025-06-23 14:04:53,esp32-001,0.0,-48.28,0.0
2025-06-23 14:05:03,esp32-001,0.0,-48.28,0.0
2025-06-23 14:05:13,esp32-001,0.0,-48.28,0.0
2025-06-23 14:05:23,esp32-001,0.0,-48.28,0.0
2025-06-23 14:05:33,esp32-001,0.0,-48.28,0.0
2025-06-23 14:05:43,esp32-001,0.0,-48.28,0.0
2025-06-23 14:05:53,esp32-001,0.0,-48.28,0.0
2025-06-23 14:06:03,esp32-001,0.0,-48.28,0.0
2025-06-23 14:06:13,esp32-001,0.0,-48.28,0.0
2025-06-23 14:06:23,esp32-001,0.0,-48.28,0.0
2025-06-23 14:06:33,esp32-001,0.0,-48.28,0.0
2025-06-23 14:06:43,esp32-001,0.0,-48.28,0.0
2025-06-23 14:06:53,esp32-001,0.0,-48.28,0.0
2025-06-23 14:07:03,esp32-001,0.0,-48.28,0.0
2025-06-23 14:07:13,esp32-001,0.0,-48.28,0.0
2025-06-23 14:14:30,esp32-001,0.0,-48.28,0.0
2025-06-23 14:14:40,esp32-001,0.0,-48.28,0.0
2025-06-23 14:14:50,esp32-001,0.0,-48.28,0.0
2025-06-23 14:15:00,esp32-001,0.0,-48.28,0.0
2025-06-23 14:15:10,esp32-001,0.0,-48.28,0.0
2025-06-23 14:15:20,esp32-001,0.0,-48.28,0.0
2025-06-23 14:15:30,esp32-001,0.0,-48.28,0.0
2025-06-23 14:15:40,esp32-001,0.0,-48.28,0.0
2025-06-23 14:15:50,esp32-001,0.0,-48.28,0.0
2025-06-23 14:16:00,esp32-001,0.0,-48.28,0.0
2025-06-23 14:16:10,esp32-001,0.0,-48.28,0.0
2025-06-23 14:16:20,esp32-001,0.0,-48.28,0.0
2025-06-23 14:16:30,esp32-001,0.0,-48.28,0.0
2025-06-23 14:16:40,esp32-001,0.0,-48.28,0.0
2025-06-23 14:16:50,esp32-001,0.0,-48.28,0.0
2025-06-23 14:17:00,esp32-001,0.0,-48.28,0.0
2025-06-23 14:17:10,esp32-001,0.0,-48.28,0.0
2025-06-23 14:17:44,esp32-001,0.0,-0.37,0.0
2025-06-23 14:17:54,esp32-001,0.0,-0.37,0.0
2025-06-23 14:18:04,esp32-001,0.0,-0.37,0.0
2025-06-23 14:18:14,esp32-001,0.0,-0.37,0.0
2025-06-23 14:18:24,esp32-001,0.0,-0.37,0.0
2025-06-23 14:18:34,esp32-001,0.0,-0.37,0.0
2025-06-23 14:18:44,esp32-001,0.0,-0.37,0.0
2025-06-23 14:18:54,esp32-001,0.0,-0.37,0.0
2025-06-23 14:19:04,esp32-001,0.0,-0.37,0.0
2025-06-23 14:19:14,esp32-001,0.0,-0.37,0.0
2025-06-23 14:19:24,esp32-001,0.0,-0.37,0.0
2025-06-23 14:19:34,esp32-001,0.0,-0.37,0.0
2025-06-23 14:19:44,esp32-001,0.0,-0.37,0.0
2025-06-23 14:19:54,esp32-001,0.0,-0.37,0.0
2025-06-23 14:20:04,esp32-001,0.0,-0.37,0.0
2025-06-23 14:20:14,esp32-001,0.0,-0.37,0.0
